content,related_titles
"이번 영상은 신세계면세점 자체 캐릭터 ‘폴앤바니’가 선물상자 속 세계를 여행하며 패션과 뷰티, K스타일 등 신세계면세점 공간을 탐험하는 내용이 담겼다. 영상 후반부에는 실제 명동점 매장 공간과 연결된다. 아나몰픽(Anamorphic) 3D 기법을 적용해 캐릭터가 화면 밖으로 튀어나오는 듯한 입체감을 구현했으며, 남산과 명동 거리 등을 반영한 실사풍 배경 등을 통해 몰입감과 생동감을 더하고자 했다.

신세계면세점은 이달 말 11층 스카이파크에 ‘폴앤바니’ 연출존을 설치해 방문객이 직접 사진 촬영과 체험을 즐길 수 있도록 한다.

신세계면세점 관계자는 “명동점은 외국인 관광객들의 필수 방문지로 자리잡은 만큼 쇼핑을 여행과 축제 차원으로 확장하는 콘텐츠를 지속적으로 선보일 것”이라며 “이번 프로젝트를 계기로 명동 상권의 대표적인 체험형 랜드마크로 자리매김할 것”이라고 말했다.",신세계
"이번 영상은 신세계면세점 자체 캐릭터 ‘폴앤바니’가 선물상자 속 세계를 여행하며 패션과 뷰티, K스타일 등 신세계면세점 공간을 탐험하는 내용이 담겼다. 영상 후반부에는 실제 명동점 매장 공간과 연결된다. 아나몰픽(Anamorphic) 3D 기법을 적용해 캐릭터가 화면 밖으로 튀어나오는 듯한 입체감을 구현했으며, 남산과 명동 거리 등을 반영한 실사풍 배경 등을 통해 몰입감과 생동감을 더하고자 했다.

신세계면세점은 이달 말 12층 스카이파크에 ‘폴앤바니’ 연출존을 설치해 방문객이 직접 사진 촬영과 체험을 즐길 수 있도록 한다.

신세계면세점 관계자는 “명동점은 외국인 관광객들의 필수 방문지로 자리잡은 만큼 쇼핑을 여행과 축제 차원으로 확장하는 콘텐츠를 지속적으로 선보일 것”이라며 “이번 프로젝트를 계기로 명동 상권의 대표적인 체험형 랜드마크로 자리매김할 것”이라고 말했다.",신세계
"이번 영상은 신세계면세점 자체 캐릭터 ‘폴앤바니’가 선물상자 속 세계를 여행하며 패션과 뷰티, K스타일 등 신세계면세점 공간을 탐험하는 내용이 담겼다. 영상 후반부에는 실제 명동점 매장 공간과 연결된다. 아나몰픽(Anamorphic) 3D 기법을 적용해 캐릭터가 화면 밖으로 튀어나오는 듯한 입체감을 구현했으며, 남산과 명동 거리 등을 반영한 실사풍 배경 등을 통해 몰입감과 생동감을 더하고자 했다.

신세계면세점은 이달 말 13층 스카이파크에 ‘폴앤바니’ 연출존을 설치해 방문객이 직접 사진 촬영과 체험을 즐길 수 있도록 한다.

신세계면세점 관계자는 “명동점은 외국인 관광객들의 필수 방문지로 자리잡은 만큼 쇼핑을 여행과 축제 차원으로 확장하는 콘텐츠를 지속적으로 선보일 것”이라며 “이번 프로젝트를 계기로 명동 상권의 대표적인 체험형 랜드마크로 자리매김할 것”이라고 말했다.",신세계
"이번 영상은 신세계면세점 자체 캐릭터 ‘폴앤바니’가 선물상자 속 세계를 여행하며 패션과 뷰티, K스타일 등 신세계면세점 공간을 탐험하는 내용이 담겼다. 영상 후반부에는 실제 명동점 매장 공간과 연결된다. 아나몰픽(Anamorphic) 3D 기법을 적용해 캐릭터가 화면 밖으로 튀어나오는 듯한 입체감을 구현했으며, 남산과 명동 거리 등을 반영한 실사풍 배경 등을 통해 몰입감과 생동감을 더하고자 했다.

신세계면세점은 이달 말 14층 스카이파크에 ‘폴앤바니’ 연출존을 설치해 방문객이 직접 사진 촬영과 체험을 즐길 수 있도록 한다.

신세계면세점 관계자는 “명동점은 외국인 관광객들의 필수 방문지로 자리잡은 만큼 쇼핑을 여행과 축제 차원으로 확장하는 콘텐츠를 지속적으로 선보일 것”이라며 “이번 프로젝트를 계기로 명동 상권의 대표적인 체험형 랜드마크로 자리매김할 것”이라고 말했다.",신세계
"이번 영상은 신세계면세점 자체 캐릭터 ‘폴앤바니’가 선물상자 속 세계를 여행하며 패션과 뷰티, K스타일 등 신세계면세점 공간을 탐험하는 내용이 담겼다. 영상 후반부에는 실제 명동점 매장 공간과 연결된다. 아나몰픽(Anamorphic) 3D 기법을 적용해 캐릭터가 화면 밖으로 튀어나오는 듯한 입체감을 구현했으며, 남산과 명동 거리 등을 반영한 실사풍 배경 등을 통해 몰입감과 생동감을 더하고자 했다.

신세계면세점은 이달 말 15층 스카이파크에 ‘폴앤바니’ 연출존을 설치해 방문객이 직접 사진 촬영과 체험을 즐길 수 있도록 한다.

신세계면세점 관계자는 “명동점은 외국인 관광객들의 필수 방문지로 자리잡은 만큼 쇼핑을 여행과 축제 차원으로 확장하는 콘텐츠를 지속적으로 선보일 것”이라며 “이번 프로젝트를 계기로 명동 상권의 대표적인 체험형 랜드마크로 자리매김할 것”이라고 말했다.",신세계
"이번 영상은 신세계면세점 자체 캐릭터 ‘폴앤바니’가 선물상자 속 세계를 여행하며 패션과 뷰티, K스타일 등 신세계면세점 공간을 탐험하는 내용이 담겼다. 영상 후반부에는 실제 명동점 매장 공간과 연결된다. 아나몰픽(Anamorphic) 3D 기법을 적용해 캐릭터가 화면 밖으로 튀어나오는 듯한 입체감을 구현했으며, 남산과 명동 거리 등을 반영한 실사풍 배경 등을 통해 몰입감과 생동감을 더하고자 했다.

신세계면세점은 이달 말 16층 스카이파크에 ‘폴앤바니’ 연출존을 설치해 방문객이 직접 사진 촬영과 체험을 즐길 수 있도록 한다.

신세계면세점 관계자는 “명동점은 외국인 관광객들의 필수 방문지로 자리잡은 만큼 쇼핑을 여행과 축제 차원으로 확장하는 콘텐츠를 지속적으로 선보일 것”이라며 “이번 프로젝트를 계기로 명동 상권의 대표적인 체험형 랜드마크로 자리매김할 것”이라고 말했다.",신세계
"이번 영상은 신세계면세점 자체 캐릭터 ‘폴앤바니’가 선물상자 속 세계를 여행하며 패션과 뷰티, K스타일 등 신세계면세점 공간을 탐험하는 내용이 담겼다. 영상 후반부에는 실제 명동점 매장 공간과 연결된다. 아나몰픽(Anamorphic) 3D 기법을 적용해 캐릭터가 화면 밖으로 튀어나오는 듯한 입체감을 구현했으며, 남산과 명동 거리 등을 반영한 실사풍 배경 등을 통해 몰입감과 생동감을 더하고자 했다.

신세계면세점은 이달 말 17층 스카이파크에 ‘폴앤바니’ 연출존을 설치해 방문객이 직접 사진 촬영과 체험을 즐길 수 있도록 한다.

신세계면세점 관계자는 “명동점은 외국인 관광객들의 필수 방문지로 자리잡은 만큼 쇼핑을 여행과 축제 차원으로 확장하는 콘텐츠를 지속적으로 선보일 것”이라며 “이번 프로젝트를 계기로 명동 상권의 대표적인 체험형 랜드마크로 자리매김할 것”이라고 말했다.",신세계
"이번 영상은 신세계면세점 자체 캐릭터 ‘폴앤바니’가 선물상자 속 세계를 여행하며 패션과 뷰티, K스타일 등 신세계면세점 공간을 탐험하는 내용이 담겼다. 영상 후반부에는 실제 명동점 매장 공간과 연결된다. 아나몰픽(Anamorphic) 3D 기법을 적용해 캐릭터가 화면 밖으로 튀어나오는 듯한 입체감을 구현했으며, 남산과 명동 거리 등을 반영한 실사풍 배경 등을 통해 몰입감과 생동감을 더하고자 했다.

신세계면세점은 이달 말 18층 스카이파크에 ‘폴앤바니’ 연출존을 설치해 방문객이 직접 사진 촬영과 체험을 즐길 수 있도록 한다.

신세계면세점 관계자는 “명동점은 외국인 관광객들의 필수 방문지로 자리잡은 만큼 쇼핑을 여행과 축제 차원으로 확장하는 콘텐츠를 지속적으로 선보일 것”이라며 “이번 프로젝트를 계기로 명동 상권의 대표적인 체험형 랜드마크로 자리매김할 것”이라고 말했다.",신세계
"이번 영상은 신세계면세점 자체 캐릭터 ‘폴앤바니’가 선물상자 속 세계를 여행하며 패션과 뷰티, K스타일 등 신세계면세점 공간을 탐험하는 내용이 담겼다. 영상 후반부에는 실제 명동점 매장 공간과 연결된다. 아나몰픽(Anamorphic) 3D 기법을 적용해 캐릭터가 화면 밖으로 튀어나오는 듯한 입체감을 구현했으며, 남산과 명동 거리 등을 반영한 실사풍 배경 등을 통해 몰입감과 생동감을 더하고자 했다.

신세계면세점은 이달 말 19층 스카이파크에 ‘폴앤바니’ 연출존을 설치해 방문객이 직접 사진 촬영과 체험을 즐길 수 있도록 한다.

신세계면세점 관계자는 “명동점은 외국인 관광객들의 필수 방문지로 자리잡은 만큼 쇼핑을 여행과 축제 차원으로 확장하는 콘텐츠를 지속적으로 선보일 것”이라며 “이번 프로젝트를 계기로 명동 상권의 대표적인 체험형 랜드마크로 자리매김할 것”이라고 말했다.",신세계
"이번 영상은 신세계면세점 자체 캐릭터 ‘폴앤바니’가 선물상자 속 세계를 여행하며 패션과 뷰티, K스타일 등 신세계면세점 공간을 탐험하는 내용이 담겼다. 영상 후반부에는 실제 명동점 매장 공간과 연결된다. 아나몰픽(Anamorphic) 3D 기법을 적용해 캐릭터가 화면 밖으로 튀어나오는 듯한 입체감을 구현했으며, 남산과 명동 거리 등을 반영한 실사풍 배경 등을 통해 몰입감과 생동감을 더하고자 했다.

신세계면세점은 이달 말 20층 스카이파크에 ‘폴앤바니’ 연출존을 설치해 방문객이 직접 사진 촬영과 체험을 즐길 수 있도록 한다.

신세계면세점 관계자는 “명동점은 외국인 관광객들의 필수 방문지로 자리잡은 만큼 쇼핑을 여행과 축제 차원으로 확장하는 콘텐츠를 지속적으로 선보일 것”이라며 “이번 프로젝트를 계기로 명동 상권의 대표적인 체험형 랜드마크로 자리매김할 것”이라고 말했다.",신세계
"이번 영상은 신세계면세점 자체 캐릭터 ‘폴앤바니’가 선물상자 속 세계를 여행하며 패션과 뷰티, K스타일 등 신세계면세점 공간을 탐험하는 내용이 담겼다. 영상 후반부에는 실제 명동점 매장 공간과 연결된다. 아나몰픽(Anamorphic) 3D 기법을 적용해 캐릭터가 화면 밖으로 튀어나오는 듯한 입체감을 구현했으며, 남산과 명동 거리 등을 반영한 실사풍 배경 등을 통해 몰입감과 생동감을 더하고자 했다.

신세계면세점은 이달 말 21층 스카이파크에 ‘폴앤바니’ 연출존을 설치해 방문객이 직접 사진 촬영과 체험을 즐길 수 있도록 한다.

신세계면세점 관계자는 “명동점은 외국인 관광객들의 필수 방문지로 자리잡은 만큼 쇼핑을 여행과 축제 차원으로 확장하는 콘텐츠를 지속적으로 선보일 것”이라며 “이번 프로젝트를 계기로 명동 상권의 대표적인 체험형 랜드마크로 자리매김할 것”이라고 말했다.",신세계
"이번 영상은 신세계면세점 자체 캐릭터 ‘폴앤바니’가 선물상자 속 세계를 여행하며 패션과 뷰티, K스타일 등 신세계면세점 공간을 탐험하는 내용이 담겼다. 영상 후반부에는 실제 명동점 매장 공간과 연결된다. 아나몰픽(Anamorphic) 3D 기법을 적용해 캐릭터가 화면 밖으로 튀어나오는 듯한 입체감을 구현했으며, 남산과 명동 거리 등을 반영한 실사풍 배경 등을 통해 몰입감과 생동감을 더하고자 했다.

신세계면세점은 이달 말 22층 스카이파크에 ‘폴앤바니’ 연출존을 설치해 방문객이 직접 사진 촬영과 체험을 즐길 수 있도록 한다.

신세계면세점 관계자는 “명동점은 외국인 관광객들의 필수 방문지로 자리잡은 만큼 쇼핑을 여행과 축제 차원으로 확장하는 콘텐츠를 지속적으로 선보일 것”이라며 “이번 프로젝트를 계기로 명동 상권의 대표적인 체험형 랜드마크로 자리매김할 것”이라고 말했다.",신세계
"이번 영상은 신세계면세점 자체 캐릭터 ‘폴앤바니’가 선물상자 속 세계를 여행하며 패션과 뷰티, K스타일 등 신세계면세점 공간을 탐험하는 내용이 담겼다. 영상 후반부에는 실제 명동점 매장 공간과 연결된다. 아나몰픽(Anamorphic) 3D 기법을 적용해 캐릭터가 화면 밖으로 튀어나오는 듯한 입체감을 구현했으며, 남산과 명동 거리 등을 반영한 실사풍 배경 등을 통해 몰입감과 생동감을 더하고자 했다.

신세계면세점은 이달 말 23층 스카이파크에 ‘폴앤바니’ 연출존을 설치해 방문객이 직접 사진 촬영과 체험을 즐길 수 있도록 한다.

신세계면세점 관계자는 “명동점은 외국인 관광객들의 필수 방문지로 자리잡은 만큼 쇼핑을 여행과 축제 차원으로 확장하는 콘텐츠를 지속적으로 선보일 것”이라며 “이번 프로젝트를 계기로 명동 상권의 대표적인 체험형 랜드마크로 자리매김할 것”이라고 말했다.",신세계
"이번 영상은 신세계면세점 자체 캐릭터 ‘폴앤바니’가 선물상자 속 세계를 여행하며 패션과 뷰티, K스타일 등 신세계면세점 공간을 탐험하는 내용이 담겼다. 영상 후반부에는 실제 명동점 매장 공간과 연결된다. 아나몰픽(Anamorphic) 3D 기법을 적용해 캐릭터가 화면 밖으로 튀어나오는 듯한 입체감을 구현했으며, 남산과 명동 거리 등을 반영한 실사풍 배경 등을 통해 몰입감과 생동감을 더하고자 했다.

신세계면세점은 이달 말 24층 스카이파크에 ‘폴앤바니’ 연출존을 설치해 방문객이 직접 사진 촬영과 체험을 즐길 수 있도록 한다.

신세계면세점 관계자는 “명동점은 외국인 관광객들의 필수 방문지로 자리잡은 만큼 쇼핑을 여행과 축제 차원으로 확장하는 콘텐츠를 지속적으로 선보일 것”이라며 “이번 프로젝트를 계기로 명동 상권의 대표적인 체험형 랜드마크로 자리매김할 것”이라고 말했다.",신세계
"이번 영상은 신세계면세점 자체 캐릭터 ‘폴앤바니’가 선물상자 속 세계를 여행하며 패션과 뷰티, K스타일 등 신세계면세점 공간을 탐험하는 내용이 담겼다. 영상 후반부에는 실제 명동점 매장 공간과 연결된다. 아나몰픽(Anamorphic) 3D 기법을 적용해 캐릭터가 화면 밖으로 튀어나오는 듯한 입체감을 구현했으며, 남산과 명동 거리 등을 반영한 실사풍 배경 등을 통해 몰입감과 생동감을 더하고자 했다.

신세계면세점은 이달 말 25층 스카이파크에 ‘폴앤바니’ 연출존을 설치해 방문객이 직접 사진 촬영과 체험을 즐길 수 있도록 한다.

신세계면세점 관계자는 “명동점은 외국인 관광객들의 필수 방문지로 자리잡은 만큼 쇼핑을 여행과 축제 차원으로 확장하는 콘텐츠를 지속적으로 선보일 것”이라며 “이번 프로젝트를 계기로 명동 상권의 대표적인 체험형 랜드마크로 자리매김할 것”이라고 말했다.",신세계
"이번 영상은 신세계면세점 자체 캐릭터 ‘폴앤바니’가 선물상자 속 세계를 여행하며 패션과 뷰티, K스타일 등 신세계면세점 공간을 탐험하는 내용이 담겼다. 영상 후반부에는 실제 명동점 매장 공간과 연결된다. 아나몰픽(Anamorphic) 3D 기법을 적용해 캐릭터가 화면 밖으로 튀어나오는 듯한 입체감을 구현했으며, 남산과 명동 거리 등을 반영한 실사풍 배경 등을 통해 몰입감과 생동감을 더하고자 했다.

신세계면세점은 이달 말 26층 스카이파크에 ‘폴앤바니’ 연출존을 설치해 방문객이 직접 사진 촬영과 체험을 즐길 수 있도록 한다.

신세계면세점 관계자는 “명동점은 외국인 관광객들의 필수 방문지로 자리잡은 만큼 쇼핑을 여행과 축제 차원으로 확장하는 콘텐츠를 지속적으로 선보일 것”이라며 “이번 프로젝트를 계기로 명동 상권의 대표적인 체험형 랜드마크로 자리매김할 것”이라고 말했다.",신세계
"이번 영상은 신세계면세점 자체 캐릭터 ‘폴앤바니’가 선물상자 속 세계를 여행하며 패션과 뷰티, K스타일 등 신세계면세점 공간을 탐험하는 내용이 담겼다. 영상 후반부에는 실제 명동점 매장 공간과 연결된다. 아나몰픽(Anamorphic) 3D 기법을 적용해 캐릭터가 화면 밖으로 튀어나오는 듯한 입체감을 구현했으며, 남산과 명동 거리 등을 반영한 실사풍 배경 등을 통해 몰입감과 생동감을 더하고자 했다.

신세계면세점은 이달 말 27층 스카이파크에 ‘폴앤바니’ 연출존을 설치해 방문객이 직접 사진 촬영과 체험을 즐길 수 있도록 한다.

신세계면세점 관계자는 “명동점은 외국인 관광객들의 필수 방문지로 자리잡은 만큼 쇼핑을 여행과 축제 차원으로 확장하는 콘텐츠를 지속적으로 선보일 것”이라며 “이번 프로젝트를 계기로 명동 상권의 대표적인 체험형 랜드마크로 자리매김할 것”이라고 말했다.",신세계
"이번 영상은 신세계면세점 자체 캐릭터 ‘폴앤바니’가 선물상자 속 세계를 여행하며 패션과 뷰티, K스타일 등 신세계면세점 공간을 탐험하는 내용이 담겼다. 영상 후반부에는 실제 명동점 매장 공간과 연결된다. 아나몰픽(Anamorphic) 3D 기법을 적용해 캐릭터가 화면 밖으로 튀어나오는 듯한 입체감을 구현했으며, 남산과 명동 거리 등을 반영한 실사풍 배경 등을 통해 몰입감과 생동감을 더하고자 했다.

신세계면세점은 이달 말 28층 스카이파크에 ‘폴앤바니’ 연출존을 설치해 방문객이 직접 사진 촬영과 체험을 즐길 수 있도록 한다.

신세계면세점 관계자는 “명동점은 외국인 관광객들의 필수 방문지로 자리잡은 만큼 쇼핑을 여행과 축제 차원으로 확장하는 콘텐츠를 지속적으로 선보일 것”이라며 “이번 프로젝트를 계기로 명동 상권의 대표적인 체험형 랜드마크로 자리매김할 것”이라고 말했다.",신세계
"이번 영상은 신세계면세점 자체 캐릭터 ‘폴앤바니’가 선물상자 속 세계를 여행하며 패션과 뷰티, K스타일 등 신세계면세점 공간을 탐험하는 내용이 담겼다. 영상 후반부에는 실제 명동점 매장 공간과 연결된다. 아나몰픽(Anamorphic) 3D 기법을 적용해 캐릭터가 화면 밖으로 튀어나오는 듯한 입체감을 구현했으며, 남산과 명동 거리 등을 반영한 실사풍 배경 등을 통해 몰입감과 생동감을 더하고자 했다.

신세계면세점은 이달 말 29층 스카이파크에 ‘폴앤바니’ 연출존을 설치해 방문객이 직접 사진 촬영과 체험을 즐길 수 있도록 한다.

신세계면세점 관계자는 “명동점은 외국인 관광객들의 필수 방문지로 자리잡은 만큼 쇼핑을 여행과 축제 차원으로 확장하는 콘텐츠를 지속적으로 선보일 것”이라며 “이번 프로젝트를 계기로 명동 상권의 대표적인 체험형 랜드마크로 자리매김할 것”이라고 말했다.",신세계
"이번 영상은 신세계면세점 자체 캐릭터 ‘폴앤바니’가 선물상자 속 세계를 여행하며 패션과 뷰티, K스타일 등 신세계면세점 공간을 탐험하는 내용이 담겼다. 영상 후반부에는 실제 명동점 매장 공간과 연결된다. 아나몰픽(Anamorphic) 3D 기법을 적용해 캐릭터가 화면 밖으로 튀어나오는 듯한 입체감을 구현했으며, 남산과 명동 거리 등을 반영한 실사풍 배경 등을 통해 몰입감과 생동감을 더하고자 했다.

신세계면세점은 이달 말 30층 스카이파크에 ‘폴앤바니’ 연출존을 설치해 방문객이 직접 사진 촬영과 체험을 즐길 수 있도록 한다.

신세계면세점 관계자는 “명동점은 외국인 관광객들의 필수 방문지로 자리잡은 만큼 쇼핑을 여행과 축제 차원으로 확장하는 콘텐츠를 지속적으로 선보일 것”이라며 “이번 프로젝트를 계기로 명동 상권의 대표적인 체험형 랜드마크로 자리매김할 것”이라고 말했다.",신세계
"이번 영상은 신세계면세점 자체 캐릭터 ‘폴앤바니’가 선물상자 속 세계를 여행하며 패션과 뷰티, K스타일 등 신세계면세점 공간을 탐험하는 내용이 담겼다. 영상 후반부에는 실제 명동점 매장 공간과 연결된다. 아나몰픽(Anamorphic) 3D 기법을 적용해 캐릭터가 화면 밖으로 튀어나오는 듯한 입체감을 구현했으며, 남산과 명동 거리 등을 반영한 실사풍 배경 등을 통해 몰입감과 생동감을 더하고자 했다.

신세계면세점은 이달 말 31층 스카이파크에 ‘폴앤바니’ 연출존을 설치해 방문객이 직접 사진 촬영과 체험을 즐길 수 있도록 한다.

신세계면세점 관계자는 “명동점은 외국인 관광객들의 필수 방문지로 자리잡은 만큼 쇼핑을 여행과 축제 차원으로 확장하는 콘텐츠를 지속적으로 선보일 것”이라며 “이번 프로젝트를 계기로 명동 상권의 대표적인 체험형 랜드마크로 자리매김할 것”이라고 말했다.",신세계
"이번 영상은 신세계면세점 자체 캐릭터 ‘폴앤바니’가 선물상자 속 세계를 여행하며 패션과 뷰티, K스타일 등 신세계면세점 공간을 탐험하는 내용이 담겼다. 영상 후반부에는 실제 명동점 매장 공간과 연결된다. 아나몰픽(Anamorphic) 3D 기법을 적용해 캐릭터가 화면 밖으로 튀어나오는 듯한 입체감을 구현했으며, 남산과 명동 거리 등을 반영한 실사풍 배경 등을 통해 몰입감과 생동감을 더하고자 했다.

신세계면세점은 이달 말 32층 스카이파크에 ‘폴앤바니’ 연출존을 설치해 방문객이 직접 사진 촬영과 체험을 즐길 수 있도록 한다.

신세계면세점 관계자는 “명동점은 외국인 관광객들의 필수 방문지로 자리잡은 만큼 쇼핑을 여행과 축제 차원으로 확장하는 콘텐츠를 지속적으로 선보일 것”이라며 “이번 프로젝트를 계기로 명동 상권의 대표적인 체험형 랜드마크로 자리매김할 것”이라고 말했다.",신세계
"이번 영상은 신세계면세점 자체 캐릭터 ‘폴앤바니’가 선물상자 속 세계를 여행하며 패션과 뷰티, K스타일 등 신세계면세점 공간을 탐험하는 내용이 담겼다. 영상 후반부에는 실제 명동점 매장 공간과 연결된다. 아나몰픽(Anamorphic) 3D 기법을 적용해 캐릭터가 화면 밖으로 튀어나오는 듯한 입체감을 구현했으며, 남산과 명동 거리 등을 반영한 실사풍 배경 등을 통해 몰입감과 생동감을 더하고자 했다.

신세계면세점은 이달 말 33층 스카이파크에 ‘폴앤바니’ 연출존을 설치해 방문객이 직접 사진 촬영과 체험을 즐길 수 있도록 한다.

신세계면세점 관계자는 “명동점은 외국인 관광객들의 필수 방문지로 자리잡은 만큼 쇼핑을 여행과 축제 차원으로 확장하는 콘텐츠를 지속적으로 선보일 것”이라며 “이번 프로젝트를 계기로 명동 상권의 대표적인 체험형 랜드마크로 자리매김할 것”이라고 말했다.",신세계
"이번 영상은 신세계면세점 자체 캐릭터 ‘폴앤바니’가 선물상자 속 세계를 여행하며 패션과 뷰티, K스타일 등 신세계면세점 공간을 탐험하는 내용이 담겼다. 영상 후반부에는 실제 명동점 매장 공간과 연결된다. 아나몰픽(Anamorphic) 3D 기법을 적용해 캐릭터가 화면 밖으로 튀어나오는 듯한 입체감을 구현했으며, 남산과 명동 거리 등을 반영한 실사풍 배경 등을 통해 몰입감과 생동감을 더하고자 했다.

신세계면세점은 이달 말 34층 스카이파크에 ‘폴앤바니’ 연출존을 설치해 방문객이 직접 사진 촬영과 체험을 즐길 수 있도록 한다.

신세계면세점 관계자는 “명동점은 외국인 관광객들의 필수 방문지로 자리잡은 만큼 쇼핑을 여행과 축제 차원으로 확장하는 콘텐츠를 지속적으로 선보일 것”이라며 “이번 프로젝트를 계기로 명동 상권의 대표적인 체험형 랜드마크로 자리매김할 것”이라고 말했다.",신세계
"이번 영상은 신세계면세점 자체 캐릭터 ‘폴앤바니’가 선물상자 속 세계를 여행하며 패션과 뷰티, K스타일 등 신세계면세점 공간을 탐험하는 내용이 담겼다. 영상 후반부에는 실제 명동점 매장 공간과 연결된다. 아나몰픽(Anamorphic) 3D 기법을 적용해 캐릭터가 화면 밖으로 튀어나오는 듯한 입체감을 구현했으며, 남산과 명동 거리 등을 반영한 실사풍 배경 등을 통해 몰입감과 생동감을 더하고자 했다.

신세계면세점은 이달 말 35층 스카이파크에 ‘폴앤바니’ 연출존을 설치해 방문객이 직접 사진 촬영과 체험을 즐길 수 있도록 한다.

신세계면세점 관계자는 “명동점은 외국인 관광객들의 필수 방문지로 자리잡은 만큼 쇼핑을 여행과 축제 차원으로 확장하는 콘텐츠를 지속적으로 선보일 것”이라며 “이번 프로젝트를 계기로 명동 상권의 대표적인 체험형 랜드마크로 자리매김할 것”이라고 말했다.",신세계
"이번 영상은 신세계면세점 자체 캐릭터 ‘폴앤바니’가 선물상자 속 세계를 여행하며 패션과 뷰티, K스타일 등 신세계면세점 공간을 탐험하는 내용이 담겼다. 영상 후반부에는 실제 명동점 매장 공간과 연결된다. 아나몰픽(Anamorphic) 3D 기법을 적용해 캐릭터가 화면 밖으로 튀어나오는 듯한 입체감을 구현했으며, 남산과 명동 거리 등을 반영한 실사풍 배경 등을 통해 몰입감과 생동감을 더하고자 했다.

신세계면세점은 이달 말 36층 스카이파크에 ‘폴앤바니’ 연출존을 설치해 방문객이 직접 사진 촬영과 체험을 즐길 수 있도록 한다.

신세계면세점 관계자는 “명동점은 외국인 관광객들의 필수 방문지로 자리잡은 만큼 쇼핑을 여행과 축제 차원으로 확장하는 콘텐츠를 지속적으로 선보일 것”이라며 “이번 프로젝트를 계기로 명동 상권의 대표적인 체험형 랜드마크로 자리매김할 것”이라고 말했다.",신세계
"이번 영상은 신세계면세점 자체 캐릭터 ‘폴앤바니’가 선물상자 속 세계를 여행하며 패션과 뷰티, K스타일 등 신세계면세점 공간을 탐험하는 내용이 담겼다. 영상 후반부에는 실제 명동점 매장 공간과 연결된다. 아나몰픽(Anamorphic) 3D 기법을 적용해 캐릭터가 화면 밖으로 튀어나오는 듯한 입체감을 구현했으며, 남산과 명동 거리 등을 반영한 실사풍 배경 등을 통해 몰입감과 생동감을 더하고자 했다.

신세계면세점은 이달 말 37층 스카이파크에 ‘폴앤바니’ 연출존을 설치해 방문객이 직접 사진 촬영과 체험을 즐길 수 있도록 한다.

신세계면세점 관계자는 “명동점은 외국인 관광객들의 필수 방문지로 자리잡은 만큼 쇼핑을 여행과 축제 차원으로 확장하는 콘텐츠를 지속적으로 선보일 것”이라며 “이번 프로젝트를 계기로 명동 상권의 대표적인 체험형 랜드마크로 자리매김할 것”이라고 말했다.",신세계
"이번 영상은 신세계면세점 자체 캐릭터 ‘폴앤바니’가 선물상자 속 세계를 여행하며 패션과 뷰티, K스타일 등 신세계면세점 공간을 탐험하는 내용이 담겼다. 영상 후반부에는 실제 명동점 매장 공간과 연결된다. 아나몰픽(Anamorphic) 3D 기법을 적용해 캐릭터가 화면 밖으로 튀어나오는 듯한 입체감을 구현했으며, 남산과 명동 거리 등을 반영한 실사풍 배경 등을 통해 몰입감과 생동감을 더하고자 했다.

신세계면세점은 이달 말 38층 스카이파크에 ‘폴앤바니’ 연출존을 설치해 방문객이 직접 사진 촬영과 체험을 즐길 수 있도록 한다.

신세계면세점 관계자는 “명동점은 외국인 관광객들의 필수 방문지로 자리잡은 만큼 쇼핑을 여행과 축제 차원으로 확장하는 콘텐츠를 지속적으로 선보일 것”이라며 “이번 프로젝트를 계기로 명동 상권의 대표적인 체험형 랜드마크로 자리매김할 것”이라고 말했다.",신세계
"이번 영상은 신세계면세점 자체 캐릭터 ‘폴앤바니’가 선물상자 속 세계를 여행하며 패션과 뷰티, K스타일 등 신세계면세점 공간을 탐험하는 내용이 담겼다. 영상 후반부에는 실제 명동점 매장 공간과 연결된다. 아나몰픽(Anamorphic) 3D 기법을 적용해 캐릭터가 화면 밖으로 튀어나오는 듯한 입체감을 구현했으며, 남산과 명동 거리 등을 반영한 실사풍 배경 등을 통해 몰입감과 생동감을 더하고자 했다.

신세계면세점은 이달 말 39층 스카이파크에 ‘폴앤바니’ 연출존을 설치해 방문객이 직접 사진 촬영과 체험을 즐길 수 있도록 한다.

신세계면세점 관계자는 “명동점은 외국인 관광객들의 필수 방문지로 자리잡은 만큼 쇼핑을 여행과 축제 차원으로 확장하는 콘텐츠를 지속적으로 선보일 것”이라며 “이번 프로젝트를 계기로 명동 상권의 대표적인 체험형 랜드마크로 자리매김할 것”이라고 말했다.",신세계
"이번 영상은 신세계면세점 자체 캐릭터 ‘폴앤바니’가 선물상자 속 세계를 여행하며 패션과 뷰티, K스타일 등 신세계면세점 공간을 탐험하는 내용이 담겼다. 영상 후반부에는 실제 명동점 매장 공간과 연결된다. 아나몰픽(Anamorphic) 3D 기법을 적용해 캐릭터가 화면 밖으로 튀어나오는 듯한 입체감을 구현했으며, 남산과 명동 거리 등을 반영한 실사풍 배경 등을 통해 몰입감과 생동감을 더하고자 했다.

신세계면세점은 이달 말 40층 스카이파크에 ‘폴앤바니’ 연출존을 설치해 방문객이 직접 사진 촬영과 체험을 즐길 수 있도록 한다.

신세계면세점 관계자는 “명동점은 외국인 관광객들의 필수 방문지로 자리잡은 만큼 쇼핑을 여행과 축제 차원으로 확장하는 콘텐츠를 지속적으로 선보일 것”이라며 “이번 프로젝트를 계기로 명동 상권의 대표적인 체험형 랜드마크로 자리매김할 것”이라고 말했다.",신세계
"이번 영상은 신세계면세점 자체 캐릭터 ‘폴앤바니’가 선물상자 속 세계를 여행하며 패션과 뷰티, K스타일 등 신세계면세점 공간을 탐험하는 내용이 담겼다. 영상 후반부에는 실제 명동점 매장 공간과 연결된다. 아나몰픽(Anamorphic) 3D 기법을 적용해 캐릭터가 화면 밖으로 튀어나오는 듯한 입체감을 구현했으며, 남산과 명동 거리 등을 반영한 실사풍 배경 등을 통해 몰입감과 생동감을 더하고자 했다.

신세계면세점은 이달 말 41층 스카이파크에 ‘폴앤바니’ 연출존을 설치해 방문객이 직접 사진 촬영과 체험을 즐길 수 있도록 한다.

신세계면세점 관계자는 “명동점은 외국인 관광객들의 필수 방문지로 자리잡은 만큼 쇼핑을 여행과 축제 차원으로 확장하는 콘텐츠를 지속적으로 선보일 것”이라며 “이번 프로젝트를 계기로 명동 상권의 대표적인 체험형 랜드마크로 자리매김할 것”이라고 말했다.",신세계
"이번 영상은 신세계면세점 자체 캐릭터 ‘폴앤바니’가 선물상자 속 세계를 여행하며 패션과 뷰티, K스타일 등 신세계면세점 공간을 탐험하는 내용이 담겼다. 영상 후반부에는 실제 명동점 매장 공간과 연결된다. 아나몰픽(Anamorphic) 3D 기법을 적용해 캐릭터가 화면 밖으로 튀어나오는 듯한 입체감을 구현했으며, 남산과 명동 거리 등을 반영한 실사풍 배경 등을 통해 몰입감과 생동감을 더하고자 했다.

신세계면세점은 이달 말 42층 스카이파크에 ‘폴앤바니’ 연출존을 설치해 방문객이 직접 사진 촬영과 체험을 즐길 수 있도록 한다.

신세계면세점 관계자는 “명동점은 외국인 관광객들의 필수 방문지로 자리잡은 만큼 쇼핑을 여행과 축제 차원으로 확장하는 콘텐츠를 지속적으로 선보일 것”이라며 “이번 프로젝트를 계기로 명동 상권의 대표적인 체험형 랜드마크로 자리매김할 것”이라고 말했다.",신세계
"이번 영상은 신세계면세점 자체 캐릭터 ‘폴앤바니’가 선물상자 속 세계를 여행하며 패션과 뷰티, K스타일 등 신세계면세점 공간을 탐험하는 내용이 담겼다. 영상 후반부에는 실제 명동점 매장 공간과 연결된다. 아나몰픽(Anamorphic) 3D 기법을 적용해 캐릭터가 화면 밖으로 튀어나오는 듯한 입체감을 구현했으며, 남산과 명동 거리 등을 반영한 실사풍 배경 등을 통해 몰입감과 생동감을 더하고자 했다.

신세계면세점은 이달 말 43층 스카이파크에 ‘폴앤바니’ 연출존을 설치해 방문객이 직접 사진 촬영과 체험을 즐길 수 있도록 한다.

신세계면세점 관계자는 “명동점은 외국인 관광객들의 필수 방문지로 자리잡은 만큼 쇼핑을 여행과 축제 차원으로 확장하는 콘텐츠를 지속적으로 선보일 것”이라며 “이번 프로젝트를 계기로 명동 상권의 대표적인 체험형 랜드마크로 자리매김할 것”이라고 말했다.",신세계
"이번 영상은 신세계면세점 자체 캐릭터 ‘폴앤바니’가 선물상자 속 세계를 여행하며 패션과 뷰티, K스타일 등 신세계면세점 공간을 탐험하는 내용이 담겼다. 영상 후반부에는 실제 명동점 매장 공간과 연결된다. 아나몰픽(Anamorphic) 3D 기법을 적용해 캐릭터가 화면 밖으로 튀어나오는 듯한 입체감을 구현했으며, 남산과 명동 거리 등을 반영한 실사풍 배경 등을 통해 몰입감과 생동감을 더하고자 했다.

신세계면세점은 이달 말 44층 스카이파크에 ‘폴앤바니’ 연출존을 설치해 방문객이 직접 사진 촬영과 체험을 즐길 수 있도록 한다.

신세계면세점 관계자는 “명동점은 외국인 관광객들의 필수 방문지로 자리잡은 만큼 쇼핑을 여행과 축제 차원으로 확장하는 콘텐츠를 지속적으로 선보일 것”이라며 “이번 프로젝트를 계기로 명동 상권의 대표적인 체험형 랜드마크로 자리매김할 것”이라고 말했다.",신세계
"이번 영상은 신세계면세점 자체 캐릭터 ‘폴앤바니’가 선물상자 속 세계를 여행하며 패션과 뷰티, K스타일 등 신세계면세점 공간을 탐험하는 내용이 담겼다. 영상 후반부에는 실제 명동점 매장 공간과 연결된다. 아나몰픽(Anamorphic) 3D 기법을 적용해 캐릭터가 화면 밖으로 튀어나오는 듯한 입체감을 구현했으며, 남산과 명동 거리 등을 반영한 실사풍 배경 등을 통해 몰입감과 생동감을 더하고자 했다.

신세계면세점은 이달 말 45층 스카이파크에 ‘폴앤바니’ 연출존을 설치해 방문객이 직접 사진 촬영과 체험을 즐길 수 있도록 한다.

신세계면세점 관계자는 “명동점은 외국인 관광객들의 필수 방문지로 자리잡은 만큼 쇼핑을 여행과 축제 차원으로 확장하는 콘텐츠를 지속적으로 선보일 것”이라며 “이번 프로젝트를 계기로 명동 상권의 대표적인 체험형 랜드마크로 자리매김할 것”이라고 말했다.",신세계
"이번 영상은 신세계면세점 자체 캐릭터 ‘폴앤바니’가 선물상자 속 세계를 여행하며 패션과 뷰티, K스타일 등 신세계면세점 공간을 탐험하는 내용이 담겼다. 영상 후반부에는 실제 명동점 매장 공간과 연결된다. 아나몰픽(Anamorphic) 3D 기법을 적용해 캐릭터가 화면 밖으로 튀어나오는 듯한 입체감을 구현했으며, 남산과 명동 거리 등을 반영한 실사풍 배경 등을 통해 몰입감과 생동감을 더하고자 했다.

신세계면세점은 이달 말 46층 스카이파크에 ‘폴앤바니’ 연출존을 설치해 방문객이 직접 사진 촬영과 체험을 즐길 수 있도록 한다.

신세계면세점 관계자는 “명동점은 외국인 관광객들의 필수 방문지로 자리잡은 만큼 쇼핑을 여행과 축제 차원으로 확장하는 콘텐츠를 지속적으로 선보일 것”이라며 “이번 프로젝트를 계기로 명동 상권의 대표적인 체험형 랜드마크로 자리매김할 것”이라고 말했다.",신세계
"이번 영상은 신세계면세점 자체 캐릭터 ‘폴앤바니’가 선물상자 속 세계를 여행하며 패션과 뷰티, K스타일 등 신세계면세점 공간을 탐험하는 내용이 담겼다. 영상 후반부에는 실제 명동점 매장 공간과 연결된다. 아나몰픽(Anamorphic) 3D 기법을 적용해 캐릭터가 화면 밖으로 튀어나오는 듯한 입체감을 구현했으며, 남산과 명동 거리 등을 반영한 실사풍 배경 등을 통해 몰입감과 생동감을 더하고자 했다.

신세계면세점은 이달 말 47층 스카이파크에 ‘폴앤바니’ 연출존을 설치해 방문객이 직접 사진 촬영과 체험을 즐길 수 있도록 한다.

신세계면세점 관계자는 “명동점은 외국인 관광객들의 필수 방문지로 자리잡은 만큼 쇼핑을 여행과 축제 차원으로 확장하는 콘텐츠를 지속적으로 선보일 것”이라며 “이번 프로젝트를 계기로 명동 상권의 대표적인 체험형 랜드마크로 자리매김할 것”이라고 말했다.",신세계
"이번 영상은 신세계면세점 자체 캐릭터 ‘폴앤바니’가 선물상자 속 세계를 여행하며 패션과 뷰티, K스타일 등 신세계면세점 공간을 탐험하는 내용이 담겼다. 영상 후반부에는 실제 명동점 매장 공간과 연결된다. 아나몰픽(Anamorphic) 3D 기법을 적용해 캐릭터가 화면 밖으로 튀어나오는 듯한 입체감을 구현했으며, 남산과 명동 거리 등을 반영한 실사풍 배경 등을 통해 몰입감과 생동감을 더하고자 했다.

신세계면세점은 이달 말 48층 스카이파크에 ‘폴앤바니’ 연출존을 설치해 방문객이 직접 사진 촬영과 체험을 즐길 수 있도록 한다.

신세계면세점 관계자는 “명동점은 외국인 관광객들의 필수 방문지로 자리잡은 만큼 쇼핑을 여행과 축제 차원으로 확장하는 콘텐츠를 지속적으로 선보일 것”이라며 “이번 프로젝트를 계기로 명동 상권의 대표적인 체험형 랜드마크로 자리매김할 것”이라고 말했다.",신세계
"이번 영상은 신세계면세점 자체 캐릭터 ‘폴앤바니’가 선물상자 속 세계를 여행하며 패션과 뷰티, K스타일 등 신세계면세점 공간을 탐험하는 내용이 담겼다. 영상 후반부에는 실제 명동점 매장 공간과 연결된다. 아나몰픽(Anamorphic) 3D 기법을 적용해 캐릭터가 화면 밖으로 튀어나오는 듯한 입체감을 구현했으며, 남산과 명동 거리 등을 반영한 실사풍 배경 등을 통해 몰입감과 생동감을 더하고자 했다.

신세계면세점은 이달 말 49층 스카이파크에 ‘폴앤바니’ 연출존을 설치해 방문객이 직접 사진 촬영과 체험을 즐길 수 있도록 한다.

신세계면세점 관계자는 “명동점은 외국인 관광객들의 필수 방문지로 자리잡은 만큼 쇼핑을 여행과 축제 차원으로 확장하는 콘텐츠를 지속적으로 선보일 것”이라며 “이번 프로젝트를 계기로 명동 상권의 대표적인 체험형 랜드마크로 자리매김할 것”이라고 말했다.",신세계
"이번 영상은 신세계면세점 자체 캐릭터 ‘폴앤바니’가 선물상자 속 세계를 여행하며 패션과 뷰티, K스타일 등 신세계면세점 공간을 탐험하는 내용이 담겼다. 영상 후반부에는 실제 명동점 매장 공간과 연결된다. 아나몰픽(Anamorphic) 3D 기법을 적용해 캐릭터가 화면 밖으로 튀어나오는 듯한 입체감을 구현했으며, 남산과 명동 거리 등을 반영한 실사풍 배경 등을 통해 몰입감과 생동감을 더하고자 했다.

신세계면세점은 이달 말 50층 스카이파크에 ‘폴앤바니’ 연출존을 설치해 방문객이 직접 사진 촬영과 체험을 즐길 수 있도록 한다.

신세계면세점 관계자는 “명동점은 외국인 관광객들의 필수 방문지로 자리잡은 만큼 쇼핑을 여행과 축제 차원으로 확장하는 콘텐츠를 지속적으로 선보일 것”이라며 “이번 프로젝트를 계기로 명동 상권의 대표적인 체험형 랜드마크로 자리매김할 것”이라고 말했다.",신세계
"이번 영상은 신세계면세점 자체 캐릭터 ‘폴앤바니’가 선물상자 속 세계를 여행하며 패션과 뷰티, K스타일 등 신세계면세점 공간을 탐험하는 내용이 담겼다. 영상 후반부에는 실제 명동점 매장 공간과 연결된다. 아나몰픽(Anamorphic) 3D 기법을 적용해 캐릭터가 화면 밖으로 튀어나오는 듯한 입체감을 구현했으며, 남산과 명동 거리 등을 반영한 실사풍 배경 등을 통해 몰입감과 생동감을 더하고자 했다.

신세계면세점은 이달 말 51층 스카이파크에 ‘폴앤바니’ 연출존을 설치해 방문객이 직접 사진 촬영과 체험을 즐길 수 있도록 한다.

신세계면세점 관계자는 “명동점은 외국인 관광객들의 필수 방문지로 자리잡은 만큼 쇼핑을 여행과 축제 차원으로 확장하는 콘텐츠를 지속적으로 선보일 것”이라며 “이번 프로젝트를 계기로 명동 상권의 대표적인 체험형 랜드마크로 자리매김할 것”이라고 말했다.",신세계
"이번 영상은 신세계면세점 자체 캐릭터 ‘폴앤바니’가 선물상자 속 세계를 여행하며 패션과 뷰티, K스타일 등 신세계면세점 공간을 탐험하는 내용이 담겼다. 영상 후반부에는 실제 명동점 매장 공간과 연결된다. 아나몰픽(Anamorphic) 3D 기법을 적용해 캐릭터가 화면 밖으로 튀어나오는 듯한 입체감을 구현했으며, 남산과 명동 거리 등을 반영한 실사풍 배경 등을 통해 몰입감과 생동감을 더하고자 했다.

신세계면세점은 이달 말 52층 스카이파크에 ‘폴앤바니’ 연출존을 설치해 방문객이 직접 사진 촬영과 체험을 즐길 수 있도록 한다.

신세계면세점 관계자는 “명동점은 외국인 관광객들의 필수 방문지로 자리잡은 만큼 쇼핑을 여행과 축제 차원으로 확장하는 콘텐츠를 지속적으로 선보일 것”이라며 “이번 프로젝트를 계기로 명동 상권의 대표적인 체험형 랜드마크로 자리매김할 것”이라고 말했다.",신세계
"이번 영상은 신세계면세점 자체 캐릭터 ‘폴앤바니’가 선물상자 속 세계를 여행하며 패션과 뷰티, K스타일 등 신세계면세점 공간을 탐험하는 내용이 담겼다. 영상 후반부에는 실제 명동점 매장 공간과 연결된다. 아나몰픽(Anamorphic) 3D 기법을 적용해 캐릭터가 화면 밖으로 튀어나오는 듯한 입체감을 구현했으며, 남산과 명동 거리 등을 반영한 실사풍 배경 등을 통해 몰입감과 생동감을 더하고자 했다.

신세계면세점은 이달 말 53층 스카이파크에 ‘폴앤바니’ 연출존을 설치해 방문객이 직접 사진 촬영과 체험을 즐길 수 있도록 한다.

신세계면세점 관계자는 “명동점은 외국인 관광객들의 필수 방문지로 자리잡은 만큼 쇼핑을 여행과 축제 차원으로 확장하는 콘텐츠를 지속적으로 선보일 것”이라며 “이번 프로젝트를 계기로 명동 상권의 대표적인 체험형 랜드마크로 자리매김할 것”이라고 말했다.",신세계
"이번 영상은 신세계면세점 자체 캐릭터 ‘폴앤바니’가 선물상자 속 세계를 여행하며 패션과 뷰티, K스타일 등 신세계면세점 공간을 탐험하는 내용이 담겼다. 영상 후반부에는 실제 명동점 매장 공간과 연결된다. 아나몰픽(Anamorphic) 3D 기법을 적용해 캐릭터가 화면 밖으로 튀어나오는 듯한 입체감을 구현했으며, 남산과 명동 거리 등을 반영한 실사풍 배경 등을 통해 몰입감과 생동감을 더하고자 했다.

신세계면세점은 이달 말 54층 스카이파크에 ‘폴앤바니’ 연출존을 설치해 방문객이 직접 사진 촬영과 체험을 즐길 수 있도록 한다.

신세계면세점 관계자는 “명동점은 외국인 관광객들의 필수 방문지로 자리잡은 만큼 쇼핑을 여행과 축제 차원으로 확장하는 콘텐츠를 지속적으로 선보일 것”이라며 “이번 프로젝트를 계기로 명동 상권의 대표적인 체험형 랜드마크로 자리매김할 것”이라고 말했다.",신세계
"이번 영상은 신세계면세점 자체 캐릭터 ‘폴앤바니’가 선물상자 속 세계를 여행하며 패션과 뷰티, K스타일 등 신세계면세점 공간을 탐험하는 내용이 담겼다. 영상 후반부에는 실제 명동점 매장 공간과 연결된다. 아나몰픽(Anamorphic) 3D 기법을 적용해 캐릭터가 화면 밖으로 튀어나오는 듯한 입체감을 구현했으며, 남산과 명동 거리 등을 반영한 실사풍 배경 등을 통해 몰입감과 생동감을 더하고자 했다.

신세계면세점은 이달 말 55층 스카이파크에 ‘폴앤바니’ 연출존을 설치해 방문객이 직접 사진 촬영과 체험을 즐길 수 있도록 한다.

신세계면세점 관계자는 “명동점은 외국인 관광객들의 필수 방문지로 자리잡은 만큼 쇼핑을 여행과 축제 차원으로 확장하는 콘텐츠를 지속적으로 선보일 것”이라며 “이번 프로젝트를 계기로 명동 상권의 대표적인 체험형 랜드마크로 자리매김할 것”이라고 말했다.",신세계
"이번 영상은 신세계면세점 자체 캐릭터 ‘폴앤바니’가 선물상자 속 세계를 여행하며 패션과 뷰티, K스타일 등 신세계면세점 공간을 탐험하는 내용이 담겼다. 영상 후반부에는 실제 명동점 매장 공간과 연결된다. 아나몰픽(Anamorphic) 3D 기법을 적용해 캐릭터가 화면 밖으로 튀어나오는 듯한 입체감을 구현했으며, 남산과 명동 거리 등을 반영한 실사풍 배경 등을 통해 몰입감과 생동감을 더하고자 했다.

신세계면세점은 이달 말 56층 스카이파크에 ‘폴앤바니’ 연출존을 설치해 방문객이 직접 사진 촬영과 체험을 즐길 수 있도록 한다.

신세계면세점 관계자는 “명동점은 외국인 관광객들의 필수 방문지로 자리잡은 만큼 쇼핑을 여행과 축제 차원으로 확장하는 콘텐츠를 지속적으로 선보일 것”이라며 “이번 프로젝트를 계기로 명동 상권의 대표적인 체험형 랜드마크로 자리매김할 것”이라고 말했다.",신세계
"이번 영상은 신세계면세점 자체 캐릭터 ‘폴앤바니’가 선물상자 속 세계를 여행하며 패션과 뷰티, K스타일 등 신세계면세점 공간을 탐험하는 내용이 담겼다. 영상 후반부에는 실제 명동점 매장 공간과 연결된다. 아나몰픽(Anamorphic) 3D 기법을 적용해 캐릭터가 화면 밖으로 튀어나오는 듯한 입체감을 구현했으며, 남산과 명동 거리 등을 반영한 실사풍 배경 등을 통해 몰입감과 생동감을 더하고자 했다.

신세계면세점은 이달 말 57층 스카이파크에 ‘폴앤바니’ 연출존을 설치해 방문객이 직접 사진 촬영과 체험을 즐길 수 있도록 한다.

신세계면세점 관계자는 “명동점은 외국인 관광객들의 필수 방문지로 자리잡은 만큼 쇼핑을 여행과 축제 차원으로 확장하는 콘텐츠를 지속적으로 선보일 것”이라며 “이번 프로젝트를 계기로 명동 상권의 대표적인 체험형 랜드마크로 자리매김할 것”이라고 말했다.",신세계
"이번 영상은 신세계면세점 자체 캐릭터 ‘폴앤바니’가 선물상자 속 세계를 여행하며 패션과 뷰티, K스타일 등 신세계면세점 공간을 탐험하는 내용이 담겼다. 영상 후반부에는 실제 명동점 매장 공간과 연결된다. 아나몰픽(Anamorphic) 3D 기법을 적용해 캐릭터가 화면 밖으로 튀어나오는 듯한 입체감을 구현했으며, 남산과 명동 거리 등을 반영한 실사풍 배경 등을 통해 몰입감과 생동감을 더하고자 했다.

신세계면세점은 이달 말 58층 스카이파크에 ‘폴앤바니’ 연출존을 설치해 방문객이 직접 사진 촬영과 체험을 즐길 수 있도록 한다.

신세계면세점 관계자는 “명동점은 외국인 관광객들의 필수 방문지로 자리잡은 만큼 쇼핑을 여행과 축제 차원으로 확장하는 콘텐츠를 지속적으로 선보일 것”이라며 “이번 프로젝트를 계기로 명동 상권의 대표적인 체험형 랜드마크로 자리매김할 것”이라고 말했다.",신세계
"이번 영상은 신세계면세점 자체 캐릭터 ‘폴앤바니’가 선물상자 속 세계를 여행하며 패션과 뷰티, K스타일 등 신세계면세점 공간을 탐험하는 내용이 담겼다. 영상 후반부에는 실제 명동점 매장 공간과 연결된다. 아나몰픽(Anamorphic) 3D 기법을 적용해 캐릭터가 화면 밖으로 튀어나오는 듯한 입체감을 구현했으며, 남산과 명동 거리 등을 반영한 실사풍 배경 등을 통해 몰입감과 생동감을 더하고자 했다.

신세계면세점은 이달 말 59층 스카이파크에 ‘폴앤바니’ 연출존을 설치해 방문객이 직접 사진 촬영과 체험을 즐길 수 있도록 한다.

신세계면세점 관계자는 “명동점은 외국인 관광객들의 필수 방문지로 자리잡은 만큼 쇼핑을 여행과 축제 차원으로 확장하는 콘텐츠를 지속적으로 선보일 것”이라며 “이번 프로젝트를 계기로 명동 상권의 대표적인 체험형 랜드마크로 자리매김할 것”이라고 말했다.",신세계
"이번 영상은 신세계면세점 자체 캐릭터 ‘폴앤바니’가 선물상자 속 세계를 여행하며 패션과 뷰티, K스타일 등 신세계면세점 공간을 탐험하는 내용이 담겼다. 영상 후반부에는 실제 명동점 매장 공간과 연결된다. 아나몰픽(Anamorphic) 3D 기법을 적용해 캐릭터가 화면 밖으로 튀어나오는 듯한 입체감을 구현했으며, 남산과 명동 거리 등을 반영한 실사풍 배경 등을 통해 몰입감과 생동감을 더하고자 했다.

신세계면세점은 이달 말 60층 스카이파크에 ‘폴앤바니’ 연출존을 설치해 방문객이 직접 사진 촬영과 체험을 즐길 수 있도록 한다.

신세계면세점 관계자는 “명동점은 외국인 관광객들의 필수 방문지로 자리잡은 만큼 쇼핑을 여행과 축제 차원으로 확장하는 콘텐츠를 지속적으로 선보일 것”이라며 “이번 프로젝트를 계기로 명동 상권의 대표적인 체험형 랜드마크로 자리매김할 것”이라고 말했다.",신세계
"이번 영상은 신세계면세점 자체 캐릭터 ‘폴앤바니’가 선물상자 속 세계를 여행하며 패션과 뷰티, K스타일 등 신세계면세점 공간을 탐험하는 내용이 담겼다. 영상 후반부에는 실제 명동점 매장 공간과 연결된다. 아나몰픽(Anamorphic) 3D 기법을 적용해 캐릭터가 화면 밖으로 튀어나오는 듯한 입체감을 구현했으며, 남산과 명동 거리 등을 반영한 실사풍 배경 등을 통해 몰입감과 생동감을 더하고자 했다.

신세계면세점은 이달 말 61층 스카이파크에 ‘폴앤바니’ 연출존을 설치해 방문객이 직접 사진 촬영과 체험을 즐길 수 있도록 한다.

신세계면세점 관계자는 “명동점은 외국인 관광객들의 필수 방문지로 자리잡은 만큼 쇼핑을 여행과 축제 차원으로 확장하는 콘텐츠를 지속적으로 선보일 것”이라며 “이번 프로젝트를 계기로 명동 상권의 대표적인 체험형 랜드마크로 자리매김할 것”이라고 말했다.",신세계
"이번 영상은 신세계면세점 자체 캐릭터 ‘폴앤바니’가 선물상자 속 세계를 여행하며 패션과 뷰티, K스타일 등 신세계면세점 공간을 탐험하는 내용이 담겼다. 영상 후반부에는 실제 명동점 매장 공간과 연결된다. 아나몰픽(Anamorphic) 3D 기법을 적용해 캐릭터가 화면 밖으로 튀어나오는 듯한 입체감을 구현했으며, 남산과 명동 거리 등을 반영한 실사풍 배경 등을 통해 몰입감과 생동감을 더하고자 했다.

신세계면세점은 이달 말 62층 스카이파크에 ‘폴앤바니’ 연출존을 설치해 방문객이 직접 사진 촬영과 체험을 즐길 수 있도록 한다.

신세계면세점 관계자는 “명동점은 외국인 관광객들의 필수 방문지로 자리잡은 만큼 쇼핑을 여행과 축제 차원으로 확장하는 콘텐츠를 지속적으로 선보일 것”이라며 “이번 프로젝트를 계기로 명동 상권의 대표적인 체험형 랜드마크로 자리매김할 것”이라고 말했다.",신세계
"이번 영상은 신세계면세점 자체 캐릭터 ‘폴앤바니’가 선물상자 속 세계를 여행하며 패션과 뷰티, K스타일 등 신세계면세점 공간을 탐험하는 내용이 담겼다. 영상 후반부에는 실제 명동점 매장 공간과 연결된다. 아나몰픽(Anamorphic) 3D 기법을 적용해 캐릭터가 화면 밖으로 튀어나오는 듯한 입체감을 구현했으며, 남산과 명동 거리 등을 반영한 실사풍 배경 등을 통해 몰입감과 생동감을 더하고자 했다.

신세계면세점은 이달 말 63층 스카이파크에 ‘폴앤바니’ 연출존을 설치해 방문객이 직접 사진 촬영과 체험을 즐길 수 있도록 한다.

신세계면세점 관계자는 “명동점은 외국인 관광객들의 필수 방문지로 자리잡은 만큼 쇼핑을 여행과 축제 차원으로 확장하는 콘텐츠를 지속적으로 선보일 것”이라며 “이번 프로젝트를 계기로 명동 상권의 대표적인 체험형 랜드마크로 자리매김할 것”이라고 말했다.",신세계
"이번 영상은 신세계면세점 자체 캐릭터 ‘폴앤바니’가 선물상자 속 세계를 여행하며 패션과 뷰티, K스타일 등 신세계면세점 공간을 탐험하는 내용이 담겼다. 영상 후반부에는 실제 명동점 매장 공간과 연결된다. 아나몰픽(Anamorphic) 3D 기법을 적용해 캐릭터가 화면 밖으로 튀어나오는 듯한 입체감을 구현했으며, 남산과 명동 거리 등을 반영한 실사풍 배경 등을 통해 몰입감과 생동감을 더하고자 했다.

신세계면세점은 이달 말 64층 스카이파크에 ‘폴앤바니’ 연출존을 설치해 방문객이 직접 사진 촬영과 체험을 즐길 수 있도록 한다.

신세계면세점 관계자는 “명동점은 외국인 관광객들의 필수 방문지로 자리잡은 만큼 쇼핑을 여행과 축제 차원으로 확장하는 콘텐츠를 지속적으로 선보일 것”이라며 “이번 프로젝트를 계기로 명동 상권의 대표적인 체험형 랜드마크로 자리매김할 것”이라고 말했다.",신세계
"이번 영상은 신세계면세점 자체 캐릭터 ‘폴앤바니’가 선물상자 속 세계를 여행하며 패션과 뷰티, K스타일 등 신세계면세점 공간을 탐험하는 내용이 담겼다. 영상 후반부에는 실제 명동점 매장 공간과 연결된다. 아나몰픽(Anamorphic) 3D 기법을 적용해 캐릭터가 화면 밖으로 튀어나오는 듯한 입체감을 구현했으며, 남산과 명동 거리 등을 반영한 실사풍 배경 등을 통해 몰입감과 생동감을 더하고자 했다.

신세계면세점은 이달 말 65층 스카이파크에 ‘폴앤바니’ 연출존을 설치해 방문객이 직접 사진 촬영과 체험을 즐길 수 있도록 한다.

신세계면세점 관계자는 “명동점은 외국인 관광객들의 필수 방문지로 자리잡은 만큼 쇼핑을 여행과 축제 차원으로 확장하는 콘텐츠를 지속적으로 선보일 것”이라며 “이번 프로젝트를 계기로 명동 상권의 대표적인 체험형 랜드마크로 자리매김할 것”이라고 말했다.",신세계
"이번 영상은 신세계면세점 자체 캐릭터 ‘폴앤바니’가 선물상자 속 세계를 여행하며 패션과 뷰티, K스타일 등 신세계면세점 공간을 탐험하는 내용이 담겼다. 영상 후반부에는 실제 명동점 매장 공간과 연결된다. 아나몰픽(Anamorphic) 3D 기법을 적용해 캐릭터가 화면 밖으로 튀어나오는 듯한 입체감을 구현했으며, 남산과 명동 거리 등을 반영한 실사풍 배경 등을 통해 몰입감과 생동감을 더하고자 했다.

신세계면세점은 이달 말 66층 스카이파크에 ‘폴앤바니’ 연출존을 설치해 방문객이 직접 사진 촬영과 체험을 즐길 수 있도록 한다.

신세계면세점 관계자는 “명동점은 외국인 관광객들의 필수 방문지로 자리잡은 만큼 쇼핑을 여행과 축제 차원으로 확장하는 콘텐츠를 지속적으로 선보일 것”이라며 “이번 프로젝트를 계기로 명동 상권의 대표적인 체험형 랜드마크로 자리매김할 것”이라고 말했다.",신세계
"이번 영상은 신세계면세점 자체 캐릭터 ‘폴앤바니’가 선물상자 속 세계를 여행하며 패션과 뷰티, K스타일 등 신세계면세점 공간을 탐험하는 내용이 담겼다. 영상 후반부에는 실제 명동점 매장 공간과 연결된다. 아나몰픽(Anamorphic) 3D 기법을 적용해 캐릭터가 화면 밖으로 튀어나오는 듯한 입체감을 구현했으며, 남산과 명동 거리 등을 반영한 실사풍 배경 등을 통해 몰입감과 생동감을 더하고자 했다.

신세계면세점은 이달 말 67층 스카이파크에 ‘폴앤바니’ 연출존을 설치해 방문객이 직접 사진 촬영과 체험을 즐길 수 있도록 한다.

신세계면세점 관계자는 “명동점은 외국인 관광객들의 필수 방문지로 자리잡은 만큼 쇼핑을 여행과 축제 차원으로 확장하는 콘텐츠를 지속적으로 선보일 것”이라며 “이번 프로젝트를 계기로 명동 상권의 대표적인 체험형 랜드마크로 자리매김할 것”이라고 말했다.",신세계
"이번 영상은 신세계면세점 자체 캐릭터 ‘폴앤바니’가 선물상자 속 세계를 여행하며 패션과 뷰티, K스타일 등 신세계면세점 공간을 탐험하는 내용이 담겼다. 영상 후반부에는 실제 명동점 매장 공간과 연결된다. 아나몰픽(Anamorphic) 3D 기법을 적용해 캐릭터가 화면 밖으로 튀어나오는 듯한 입체감을 구현했으며, 남산과 명동 거리 등을 반영한 실사풍 배경 등을 통해 몰입감과 생동감을 더하고자 했다.

신세계면세점은 이달 말 68층 스카이파크에 ‘폴앤바니’ 연출존을 설치해 방문객이 직접 사진 촬영과 체험을 즐길 수 있도록 한다.

신세계면세점 관계자는 “명동점은 외국인 관광객들의 필수 방문지로 자리잡은 만큼 쇼핑을 여행과 축제 차원으로 확장하는 콘텐츠를 지속적으로 선보일 것”이라며 “이번 프로젝트를 계기로 명동 상권의 대표적인 체험형 랜드마크로 자리매김할 것”이라고 말했다.",신세계
"이번 영상은 신세계면세점 자체 캐릭터 ‘폴앤바니’가 선물상자 속 세계를 여행하며 패션과 뷰티, K스타일 등 신세계면세점 공간을 탐험하는 내용이 담겼다. 영상 후반부에는 실제 명동점 매장 공간과 연결된다. 아나몰픽(Anamorphic) 3D 기법을 적용해 캐릭터가 화면 밖으로 튀어나오는 듯한 입체감을 구현했으며, 남산과 명동 거리 등을 반영한 실사풍 배경 등을 통해 몰입감과 생동감을 더하고자 했다.

신세계면세점은 이달 말 69층 스카이파크에 ‘폴앤바니’ 연출존을 설치해 방문객이 직접 사진 촬영과 체험을 즐길 수 있도록 한다.

신세계면세점 관계자는 “명동점은 외국인 관광객들의 필수 방문지로 자리잡은 만큼 쇼핑을 여행과 축제 차원으로 확장하는 콘텐츠를 지속적으로 선보일 것”이라며 “이번 프로젝트를 계기로 명동 상권의 대표적인 체험형 랜드마크로 자리매김할 것”이라고 말했다.",신세계
"이번 영상은 신세계면세점 자체 캐릭터 ‘폴앤바니’가 선물상자 속 세계를 여행하며 패션과 뷰티, K스타일 등 신세계면세점 공간을 탐험하는 내용이 담겼다. 영상 후반부에는 실제 명동점 매장 공간과 연결된다. 아나몰픽(Anamorphic) 3D 기법을 적용해 캐릭터가 화면 밖으로 튀어나오는 듯한 입체감을 구현했으며, 남산과 명동 거리 등을 반영한 실사풍 배경 등을 통해 몰입감과 생동감을 더하고자 했다.

신세계면세점은 이달 말 70층 스카이파크에 ‘폴앤바니’ 연출존을 설치해 방문객이 직접 사진 촬영과 체험을 즐길 수 있도록 한다.

신세계면세점 관계자는 “명동점은 외국인 관광객들의 필수 방문지로 자리잡은 만큼 쇼핑을 여행과 축제 차원으로 확장하는 콘텐츠를 지속적으로 선보일 것”이라며 “이번 프로젝트를 계기로 명동 상권의 대표적인 체험형 랜드마크로 자리매김할 것”이라고 말했다.",신세계
"이번 영상은 신세계면세점 자체 캐릭터 ‘폴앤바니’가 선물상자 속 세계를 여행하며 패션과 뷰티, K스타일 등 신세계면세점 공간을 탐험하는 내용이 담겼다. 영상 후반부에는 실제 명동점 매장 공간과 연결된다. 아나몰픽(Anamorphic) 3D 기법을 적용해 캐릭터가 화면 밖으로 튀어나오는 듯한 입체감을 구현했으며, 남산과 명동 거리 등을 반영한 실사풍 배경 등을 통해 몰입감과 생동감을 더하고자 했다.

신세계면세점은 이달 말 71층 스카이파크에 ‘폴앤바니’ 연출존을 설치해 방문객이 직접 사진 촬영과 체험을 즐길 수 있도록 한다.

신세계면세점 관계자는 “명동점은 외국인 관광객들의 필수 방문지로 자리잡은 만큼 쇼핑을 여행과 축제 차원으로 확장하는 콘텐츠를 지속적으로 선보일 것”이라며 “이번 프로젝트를 계기로 명동 상권의 대표적인 체험형 랜드마크로 자리매김할 것”이라고 말했다.",신세계
"이번 영상은 신세계면세점 자체 캐릭터 ‘폴앤바니’가 선물상자 속 세계를 여행하며 패션과 뷰티, K스타일 등 신세계면세점 공간을 탐험하는 내용이 담겼다. 영상 후반부에는 실제 명동점 매장 공간과 연결된다. 아나몰픽(Anamorphic) 3D 기법을 적용해 캐릭터가 화면 밖으로 튀어나오는 듯한 입체감을 구현했으며, 남산과 명동 거리 등을 반영한 실사풍 배경 등을 통해 몰입감과 생동감을 더하고자 했다.

신세계면세점은 이달 말 72층 스카이파크에 ‘폴앤바니’ 연출존을 설치해 방문객이 직접 사진 촬영과 체험을 즐길 수 있도록 한다.

신세계면세점 관계자는 “명동점은 외국인 관광객들의 필수 방문지로 자리잡은 만큼 쇼핑을 여행과 축제 차원으로 확장하는 콘텐츠를 지속적으로 선보일 것”이라며 “이번 프로젝트를 계기로 명동 상권의 대표적인 체험형 랜드마크로 자리매김할 것”이라고 말했다.",신세계
"이번 영상은 신세계면세점 자체 캐릭터 ‘폴앤바니’가 선물상자 속 세계를 여행하며 패션과 뷰티, K스타일 등 신세계면세점 공간을 탐험하는 내용이 담겼다. 영상 후반부에는 실제 명동점 매장 공간과 연결된다. 아나몰픽(Anamorphic) 3D 기법을 적용해 캐릭터가 화면 밖으로 튀어나오는 듯한 입체감을 구현했으며, 남산과 명동 거리 등을 반영한 실사풍 배경 등을 통해 몰입감과 생동감을 더하고자 했다.

신세계면세점은 이달 말 73층 스카이파크에 ‘폴앤바니’ 연출존을 설치해 방문객이 직접 사진 촬영과 체험을 즐길 수 있도록 한다.

신세계면세점 관계자는 “명동점은 외국인 관광객들의 필수 방문지로 자리잡은 만큼 쇼핑을 여행과 축제 차원으로 확장하는 콘텐츠를 지속적으로 선보일 것”이라며 “이번 프로젝트를 계기로 명동 상권의 대표적인 체험형 랜드마크로 자리매김할 것”이라고 말했다.",신세계
"이번 영상은 신세계면세점 자체 캐릭터 ‘폴앤바니’가 선물상자 속 세계를 여행하며 패션과 뷰티, K스타일 등 신세계면세점 공간을 탐험하는 내용이 담겼다. 영상 후반부에는 실제 명동점 매장 공간과 연결된다. 아나몰픽(Anamorphic) 3D 기법을 적용해 캐릭터가 화면 밖으로 튀어나오는 듯한 입체감을 구현했으며, 남산과 명동 거리 등을 반영한 실사풍 배경 등을 통해 몰입감과 생동감을 더하고자 했다.

신세계면세점은 이달 말 74층 스카이파크에 ‘폴앤바니’ 연출존을 설치해 방문객이 직접 사진 촬영과 체험을 즐길 수 있도록 한다.

신세계면세점 관계자는 “명동점은 외국인 관광객들의 필수 방문지로 자리잡은 만큼 쇼핑을 여행과 축제 차원으로 확장하는 콘텐츠를 지속적으로 선보일 것”이라며 “이번 프로젝트를 계기로 명동 상권의 대표적인 체험형 랜드마크로 자리매김할 것”이라고 말했다.",신세계
"이번 영상은 신세계면세점 자체 캐릭터 ‘폴앤바니’가 선물상자 속 세계를 여행하며 패션과 뷰티, K스타일 등 신세계면세점 공간을 탐험하는 내용이 담겼다. 영상 후반부에는 실제 명동점 매장 공간과 연결된다. 아나몰픽(Anamorphic) 3D 기법을 적용해 캐릭터가 화면 밖으로 튀어나오는 듯한 입체감을 구현했으며, 남산과 명동 거리 등을 반영한 실사풍 배경 등을 통해 몰입감과 생동감을 더하고자 했다.

신세계면세점은 이달 말 75층 스카이파크에 ‘폴앤바니’ 연출존을 설치해 방문객이 직접 사진 촬영과 체험을 즐길 수 있도록 한다.

신세계면세점 관계자는 “명동점은 외국인 관광객들의 필수 방문지로 자리잡은 만큼 쇼핑을 여행과 축제 차원으로 확장하는 콘텐츠를 지속적으로 선보일 것”이라며 “이번 프로젝트를 계기로 명동 상권의 대표적인 체험형 랜드마크로 자리매김할 것”이라고 말했다.",신세계
"이번 영상은 신세계면세점 자체 캐릭터 ‘폴앤바니’가 선물상자 속 세계를 여행하며 패션과 뷰티, K스타일 등 신세계면세점 공간을 탐험하는 내용이 담겼다. 영상 후반부에는 실제 명동점 매장 공간과 연결된다. 아나몰픽(Anamorphic) 3D 기법을 적용해 캐릭터가 화면 밖으로 튀어나오는 듯한 입체감을 구현했으며, 남산과 명동 거리 등을 반영한 실사풍 배경 등을 통해 몰입감과 생동감을 더하고자 했다.

신세계면세점은 이달 말 76층 스카이파크에 ‘폴앤바니’ 연출존을 설치해 방문객이 직접 사진 촬영과 체험을 즐길 수 있도록 한다.

신세계면세점 관계자는 “명동점은 외국인 관광객들의 필수 방문지로 자리잡은 만큼 쇼핑을 여행과 축제 차원으로 확장하는 콘텐츠를 지속적으로 선보일 것”이라며 “이번 프로젝트를 계기로 명동 상권의 대표적인 체험형 랜드마크로 자리매김할 것”이라고 말했다.",신세계
"이번 영상은 신세계면세점 자체 캐릭터 ‘폴앤바니’가 선물상자 속 세계를 여행하며 패션과 뷰티, K스타일 등 신세계면세점 공간을 탐험하는 내용이 담겼다. 영상 후반부에는 실제 명동점 매장 공간과 연결된다. 아나몰픽(Anamorphic) 3D 기법을 적용해 캐릭터가 화면 밖으로 튀어나오는 듯한 입체감을 구현했으며, 남산과 명동 거리 등을 반영한 실사풍 배경 등을 통해 몰입감과 생동감을 더하고자 했다.

신세계면세점은 이달 말 77층 스카이파크에 ‘폴앤바니’ 연출존을 설치해 방문객이 직접 사진 촬영과 체험을 즐길 수 있도록 한다.

신세계면세점 관계자는 “명동점은 외국인 관광객들의 필수 방문지로 자리잡은 만큼 쇼핑을 여행과 축제 차원으로 확장하는 콘텐츠를 지속적으로 선보일 것”이라며 “이번 프로젝트를 계기로 명동 상권의 대표적인 체험형 랜드마크로 자리매김할 것”이라고 말했다.",신세계
"이번 영상은 신세계면세점 자체 캐릭터 ‘폴앤바니’가 선물상자 속 세계를 여행하며 패션과 뷰티, K스타일 등 신세계면세점 공간을 탐험하는 내용이 담겼다. 영상 후반부에는 실제 명동점 매장 공간과 연결된다. 아나몰픽(Anamorphic) 3D 기법을 적용해 캐릭터가 화면 밖으로 튀어나오는 듯한 입체감을 구현했으며, 남산과 명동 거리 등을 반영한 실사풍 배경 등을 통해 몰입감과 생동감을 더하고자 했다.

신세계면세점은 이달 말 78층 스카이파크에 ‘폴앤바니’ 연출존을 설치해 방문객이 직접 사진 촬영과 체험을 즐길 수 있도록 한다.

신세계면세점 관계자는 “명동점은 외국인 관광객들의 필수 방문지로 자리잡은 만큼 쇼핑을 여행과 축제 차원으로 확장하는 콘텐츠를 지속적으로 선보일 것”이라며 “이번 프로젝트를 계기로 명동 상권의 대표적인 체험형 랜드마크로 자리매김할 것”이라고 말했다.",신세계
"이번 영상은 신세계면세점 자체 캐릭터 ‘폴앤바니’가 선물상자 속 세계를 여행하며 패션과 뷰티, K스타일 등 신세계면세점 공간을 탐험하는 내용이 담겼다. 영상 후반부에는 실제 명동점 매장 공간과 연결된다. 아나몰픽(Anamorphic) 3D 기법을 적용해 캐릭터가 화면 밖으로 튀어나오는 듯한 입체감을 구현했으며, 남산과 명동 거리 등을 반영한 실사풍 배경 등을 통해 몰입감과 생동감을 더하고자 했다.

신세계면세점은 이달 말 79층 스카이파크에 ‘폴앤바니’ 연출존을 설치해 방문객이 직접 사진 촬영과 체험을 즐길 수 있도록 한다.

신세계면세점 관계자는 “명동점은 외국인 관광객들의 필수 방문지로 자리잡은 만큼 쇼핑을 여행과 축제 차원으로 확장하는 콘텐츠를 지속적으로 선보일 것”이라며 “이번 프로젝트를 계기로 명동 상권의 대표적인 체험형 랜드마크로 자리매김할 것”이라고 말했다.",신세계
"이번 영상은 신세계면세점 자체 캐릭터 ‘폴앤바니’가 선물상자 속 세계를 여행하며 패션과 뷰티, K스타일 등 신세계면세점 공간을 탐험하는 내용이 담겼다. 영상 후반부에는 실제 명동점 매장 공간과 연결된다. 아나몰픽(Anamorphic) 3D 기법을 적용해 캐릭터가 화면 밖으로 튀어나오는 듯한 입체감을 구현했으며, 남산과 명동 거리 등을 반영한 실사풍 배경 등을 통해 몰입감과 생동감을 더하고자 했다.

신세계면세점은 이달 말 80층 스카이파크에 ‘폴앤바니’ 연출존을 설치해 방문객이 직접 사진 촬영과 체험을 즐길 수 있도록 한다.

신세계면세점 관계자는 “명동점은 외국인 관광객들의 필수 방문지로 자리잡은 만큼 쇼핑을 여행과 축제 차원으로 확장하는 콘텐츠를 지속적으로 선보일 것”이라며 “이번 프로젝트를 계기로 명동 상권의 대표적인 체험형 랜드마크로 자리매김할 것”이라고 말했다.",신세계
"이번 영상은 신세계면세점 자체 캐릭터 ‘폴앤바니’가 선물상자 속 세계를 여행하며 패션과 뷰티, K스타일 등 신세계면세점 공간을 탐험하는 내용이 담겼다. 영상 후반부에는 실제 명동점 매장 공간과 연결된다. 아나몰픽(Anamorphic) 3D 기법을 적용해 캐릭터가 화면 밖으로 튀어나오는 듯한 입체감을 구현했으며, 남산과 명동 거리 등을 반영한 실사풍 배경 등을 통해 몰입감과 생동감을 더하고자 했다.

신세계면세점은 이달 말 81층 스카이파크에 ‘폴앤바니’ 연출존을 설치해 방문객이 직접 사진 촬영과 체험을 즐길 수 있도록 한다.

신세계면세점 관계자는 “명동점은 외국인 관광객들의 필수 방문지로 자리잡은 만큼 쇼핑을 여행과 축제 차원으로 확장하는 콘텐츠를 지속적으로 선보일 것”이라며 “이번 프로젝트를 계기로 명동 상권의 대표적인 체험형 랜드마크로 자리매김할 것”이라고 말했다.",신세계
"이번 영상은 신세계면세점 자체 캐릭터 ‘폴앤바니’가 선물상자 속 세계를 여행하며 패션과 뷰티, K스타일 등 신세계면세점 공간을 탐험하는 내용이 담겼다. 영상 후반부에는 실제 명동점 매장 공간과 연결된다. 아나몰픽(Anamorphic) 3D 기법을 적용해 캐릭터가 화면 밖으로 튀어나오는 듯한 입체감을 구현했으며, 남산과 명동 거리 등을 반영한 실사풍 배경 등을 통해 몰입감과 생동감을 더하고자 했다.

신세계면세점은 이달 말 82층 스카이파크에 ‘폴앤바니’ 연출존을 설치해 방문객이 직접 사진 촬영과 체험을 즐길 수 있도록 한다.

신세계면세점 관계자는 “명동점은 외국인 관광객들의 필수 방문지로 자리잡은 만큼 쇼핑을 여행과 축제 차원으로 확장하는 콘텐츠를 지속적으로 선보일 것”이라며 “이번 프로젝트를 계기로 명동 상권의 대표적인 체험형 랜드마크로 자리매김할 것”이라고 말했다.",신세계
"이번 영상은 신세계면세점 자체 캐릭터 ‘폴앤바니’가 선물상자 속 세계를 여행하며 패션과 뷰티, K스타일 등 신세계면세점 공간을 탐험하는 내용이 담겼다. 영상 후반부에는 실제 명동점 매장 공간과 연결된다. 아나몰픽(Anamorphic) 3D 기법을 적용해 캐릭터가 화면 밖으로 튀어나오는 듯한 입체감을 구현했으며, 남산과 명동 거리 등을 반영한 실사풍 배경 등을 통해 몰입감과 생동감을 더하고자 했다.

신세계면세점은 이달 말 83층 스카이파크에 ‘폴앤바니’ 연출존을 설치해 방문객이 직접 사진 촬영과 체험을 즐길 수 있도록 한다.

신세계면세점 관계자는 “명동점은 외국인 관광객들의 필수 방문지로 자리잡은 만큼 쇼핑을 여행과 축제 차원으로 확장하는 콘텐츠를 지속적으로 선보일 것”이라며 “이번 프로젝트를 계기로 명동 상권의 대표적인 체험형 랜드마크로 자리매김할 것”이라고 말했다.",신세계
"이번 영상은 신세계면세점 자체 캐릭터 ‘폴앤바니’가 선물상자 속 세계를 여행하며 패션과 뷰티, K스타일 등 신세계면세점 공간을 탐험하는 내용이 담겼다. 영상 후반부에는 실제 명동점 매장 공간과 연결된다. 아나몰픽(Anamorphic) 3D 기법을 적용해 캐릭터가 화면 밖으로 튀어나오는 듯한 입체감을 구현했으며, 남산과 명동 거리 등을 반영한 실사풍 배경 등을 통해 몰입감과 생동감을 더하고자 했다.

신세계면세점은 이달 말 84층 스카이파크에 ‘폴앤바니’ 연출존을 설치해 방문객이 직접 사진 촬영과 체험을 즐길 수 있도록 한다.

신세계면세점 관계자는 “명동점은 외국인 관광객들의 필수 방문지로 자리잡은 만큼 쇼핑을 여행과 축제 차원으로 확장하는 콘텐츠를 지속적으로 선보일 것”이라며 “이번 프로젝트를 계기로 명동 상권의 대표적인 체험형 랜드마크로 자리매김할 것”이라고 말했다.",신세계
"이번 영상은 신세계면세점 자체 캐릭터 ‘폴앤바니’가 선물상자 속 세계를 여행하며 패션과 뷰티, K스타일 등 신세계면세점 공간을 탐험하는 내용이 담겼다. 영상 후반부에는 실제 명동점 매장 공간과 연결된다. 아나몰픽(Anamorphic) 3D 기법을 적용해 캐릭터가 화면 밖으로 튀어나오는 듯한 입체감을 구현했으며, 남산과 명동 거리 등을 반영한 실사풍 배경 등을 통해 몰입감과 생동감을 더하고자 했다.

신세계면세점은 이달 말 85층 스카이파크에 ‘폴앤바니’ 연출존을 설치해 방문객이 직접 사진 촬영과 체험을 즐길 수 있도록 한다.

신세계면세점 관계자는 “명동점은 외국인 관광객들의 필수 방문지로 자리잡은 만큼 쇼핑을 여행과 축제 차원으로 확장하는 콘텐츠를 지속적으로 선보일 것”이라며 “이번 프로젝트를 계기로 명동 상권의 대표적인 체험형 랜드마크로 자리매김할 것”이라고 말했다.",신세계
"이번 영상은 신세계면세점 자체 캐릭터 ‘폴앤바니’가 선물상자 속 세계를 여행하며 패션과 뷰티, K스타일 등 신세계면세점 공간을 탐험하는 내용이 담겼다. 영상 후반부에는 실제 명동점 매장 공간과 연결된다. 아나몰픽(Anamorphic) 3D 기법을 적용해 캐릭터가 화면 밖으로 튀어나오는 듯한 입체감을 구현했으며, 남산과 명동 거리 등을 반영한 실사풍 배경 등을 통해 몰입감과 생동감을 더하고자 했다.

신세계면세점은 이달 말 86층 스카이파크에 ‘폴앤바니’ 연출존을 설치해 방문객이 직접 사진 촬영과 체험을 즐길 수 있도록 한다.

신세계면세점 관계자는 “명동점은 외국인 관광객들의 필수 방문지로 자리잡은 만큼 쇼핑을 여행과 축제 차원으로 확장하는 콘텐츠를 지속적으로 선보일 것”이라며 “이번 프로젝트를 계기로 명동 상권의 대표적인 체험형 랜드마크로 자리매김할 것”이라고 말했다.",신세계
"이번 영상은 신세계면세점 자체 캐릭터 ‘폴앤바니’가 선물상자 속 세계를 여행하며 패션과 뷰티, K스타일 등 신세계면세점 공간을 탐험하는 내용이 담겼다. 영상 후반부에는 실제 명동점 매장 공간과 연결된다. 아나몰픽(Anamorphic) 3D 기법을 적용해 캐릭터가 화면 밖으로 튀어나오는 듯한 입체감을 구현했으며, 남산과 명동 거리 등을 반영한 실사풍 배경 등을 통해 몰입감과 생동감을 더하고자 했다.

신세계면세점은 이달 말 87층 스카이파크에 ‘폴앤바니’ 연출존을 설치해 방문객이 직접 사진 촬영과 체험을 즐길 수 있도록 한다.

신세계면세점 관계자는 “명동점은 외국인 관광객들의 필수 방문지로 자리잡은 만큼 쇼핑을 여행과 축제 차원으로 확장하는 콘텐츠를 지속적으로 선보일 것”이라며 “이번 프로젝트를 계기로 명동 상권의 대표적인 체험형 랜드마크로 자리매김할 것”이라고 말했다.",신세계
"이번 영상은 신세계면세점 자체 캐릭터 ‘폴앤바니’가 선물상자 속 세계를 여행하며 패션과 뷰티, K스타일 등 신세계면세점 공간을 탐험하는 내용이 담겼다. 영상 후반부에는 실제 명동점 매장 공간과 연결된다. 아나몰픽(Anamorphic) 3D 기법을 적용해 캐릭터가 화면 밖으로 튀어나오는 듯한 입체감을 구현했으며, 남산과 명동 거리 등을 반영한 실사풍 배경 등을 통해 몰입감과 생동감을 더하고자 했다.

신세계면세점은 이달 말 88층 스카이파크에 ‘폴앤바니’ 연출존을 설치해 방문객이 직접 사진 촬영과 체험을 즐길 수 있도록 한다.

신세계면세점 관계자는 “명동점은 외국인 관광객들의 필수 방문지로 자리잡은 만큼 쇼핑을 여행과 축제 차원으로 확장하는 콘텐츠를 지속적으로 선보일 것”이라며 “이번 프로젝트를 계기로 명동 상권의 대표적인 체험형 랜드마크로 자리매김할 것”이라고 말했다.",신세계
"이번 영상은 신세계면세점 자체 캐릭터 ‘폴앤바니’가 선물상자 속 세계를 여행하며 패션과 뷰티, K스타일 등 신세계면세점 공간을 탐험하는 내용이 담겼다. 영상 후반부에는 실제 명동점 매장 공간과 연결된다. 아나몰픽(Anamorphic) 3D 기법을 적용해 캐릭터가 화면 밖으로 튀어나오는 듯한 입체감을 구현했으며, 남산과 명동 거리 등을 반영한 실사풍 배경 등을 통해 몰입감과 생동감을 더하고자 했다.

신세계면세점은 이달 말 89층 스카이파크에 ‘폴앤바니’ 연출존을 설치해 방문객이 직접 사진 촬영과 체험을 즐길 수 있도록 한다.

신세계면세점 관계자는 “명동점은 외국인 관광객들의 필수 방문지로 자리잡은 만큼 쇼핑을 여행과 축제 차원으로 확장하는 콘텐츠를 지속적으로 선보일 것”이라며 “이번 프로젝트를 계기로 명동 상권의 대표적인 체험형 랜드마크로 자리매김할 것”이라고 말했다.",신세계
"이번 영상은 신세계면세점 자체 캐릭터 ‘폴앤바니’가 선물상자 속 세계를 여행하며 패션과 뷰티, K스타일 등 신세계면세점 공간을 탐험하는 내용이 담겼다. 영상 후반부에는 실제 명동점 매장 공간과 연결된다. 아나몰픽(Anamorphic) 3D 기법을 적용해 캐릭터가 화면 밖으로 튀어나오는 듯한 입체감을 구현했으며, 남산과 명동 거리 등을 반영한 실사풍 배경 등을 통해 몰입감과 생동감을 더하고자 했다.

신세계면세점은 이달 말 90층 스카이파크에 ‘폴앤바니’ 연출존을 설치해 방문객이 직접 사진 촬영과 체험을 즐길 수 있도록 한다.

신세계면세점 관계자는 “명동점은 외국인 관광객들의 필수 방문지로 자리잡은 만큼 쇼핑을 여행과 축제 차원으로 확장하는 콘텐츠를 지속적으로 선보일 것”이라며 “이번 프로젝트를 계기로 명동 상권의 대표적인 체험형 랜드마크로 자리매김할 것”이라고 말했다.",신세계
"이번 영상은 신세계면세점 자체 캐릭터 ‘폴앤바니’가 선물상자 속 세계를 여행하며 패션과 뷰티, K스타일 등 신세계면세점 공간을 탐험하는 내용이 담겼다. 영상 후반부에는 실제 명동점 매장 공간과 연결된다. 아나몰픽(Anamorphic) 3D 기법을 적용해 캐릭터가 화면 밖으로 튀어나오는 듯한 입체감을 구현했으며, 남산과 명동 거리 등을 반영한 실사풍 배경 등을 통해 몰입감과 생동감을 더하고자 했다.

신세계면세점은 이달 말 91층 스카이파크에 ‘폴앤바니’ 연출존을 설치해 방문객이 직접 사진 촬영과 체험을 즐길 수 있도록 한다.

신세계면세점 관계자는 “명동점은 외국인 관광객들의 필수 방문지로 자리잡은 만큼 쇼핑을 여행과 축제 차원으로 확장하는 콘텐츠를 지속적으로 선보일 것”이라며 “이번 프로젝트를 계기로 명동 상권의 대표적인 체험형 랜드마크로 자리매김할 것”이라고 말했다.",신세계
"이번 영상은 신세계면세점 자체 캐릭터 ‘폴앤바니’가 선물상자 속 세계를 여행하며 패션과 뷰티, K스타일 등 신세계면세점 공간을 탐험하는 내용이 담겼다. 영상 후반부에는 실제 명동점 매장 공간과 연결된다. 아나몰픽(Anamorphic) 3D 기법을 적용해 캐릭터가 화면 밖으로 튀어나오는 듯한 입체감을 구현했으며, 남산과 명동 거리 등을 반영한 실사풍 배경 등을 통해 몰입감과 생동감을 더하고자 했다.

신세계면세점은 이달 말 92층 스카이파크에 ‘폴앤바니’ 연출존을 설치해 방문객이 직접 사진 촬영과 체험을 즐길 수 있도록 한다.

신세계면세점 관계자는 “명동점은 외국인 관광객들의 필수 방문지로 자리잡은 만큼 쇼핑을 여행과 축제 차원으로 확장하는 콘텐츠를 지속적으로 선보일 것”이라며 “이번 프로젝트를 계기로 명동 상권의 대표적인 체험형 랜드마크로 자리매김할 것”이라고 말했다.",신세계
"이번 영상은 신세계면세점 자체 캐릭터 ‘폴앤바니’가 선물상자 속 세계를 여행하며 패션과 뷰티, K스타일 등 신세계면세점 공간을 탐험하는 내용이 담겼다. 영상 후반부에는 실제 명동점 매장 공간과 연결된다. 아나몰픽(Anamorphic) 3D 기법을 적용해 캐릭터가 화면 밖으로 튀어나오는 듯한 입체감을 구현했으며, 남산과 명동 거리 등을 반영한 실사풍 배경 등을 통해 몰입감과 생동감을 더하고자 했다.

신세계면세점은 이달 말 93층 스카이파크에 ‘폴앤바니’ 연출존을 설치해 방문객이 직접 사진 촬영과 체험을 즐길 수 있도록 한다.

신세계면세점 관계자는 “명동점은 외국인 관광객들의 필수 방문지로 자리잡은 만큼 쇼핑을 여행과 축제 차원으로 확장하는 콘텐츠를 지속적으로 선보일 것”이라며 “이번 프로젝트를 계기로 명동 상권의 대표적인 체험형 랜드마크로 자리매김할 것”이라고 말했다.",신세계
"이번 영상은 신세계면세점 자체 캐릭터 ‘폴앤바니’가 선물상자 속 세계를 여행하며 패션과 뷰티, K스타일 등 신세계면세점 공간을 탐험하는 내용이 담겼다. 영상 후반부에는 실제 명동점 매장 공간과 연결된다. 아나몰픽(Anamorphic) 3D 기법을 적용해 캐릭터가 화면 밖으로 튀어나오는 듯한 입체감을 구현했으며, 남산과 명동 거리 등을 반영한 실사풍 배경 등을 통해 몰입감과 생동감을 더하고자 했다.

신세계면세점은 이달 말 94층 스카이파크에 ‘폴앤바니’ 연출존을 설치해 방문객이 직접 사진 촬영과 체험을 즐길 수 있도록 한다.

신세계면세점 관계자는 “명동점은 외국인 관광객들의 필수 방문지로 자리잡은 만큼 쇼핑을 여행과 축제 차원으로 확장하는 콘텐츠를 지속적으로 선보일 것”이라며 “이번 프로젝트를 계기로 명동 상권의 대표적인 체험형 랜드마크로 자리매김할 것”이라고 말했다.",신세계
"이번 영상은 신세계면세점 자체 캐릭터 ‘폴앤바니’가 선물상자 속 세계를 여행하며 패션과 뷰티, K스타일 등 신세계면세점 공간을 탐험하는 내용이 담겼다. 영상 후반부에는 실제 명동점 매장 공간과 연결된다. 아나몰픽(Anamorphic) 3D 기법을 적용해 캐릭터가 화면 밖으로 튀어나오는 듯한 입체감을 구현했으며, 남산과 명동 거리 등을 반영한 실사풍 배경 등을 통해 몰입감과 생동감을 더하고자 했다.

신세계면세점은 이달 말 95층 스카이파크에 ‘폴앤바니’ 연출존을 설치해 방문객이 직접 사진 촬영과 체험을 즐길 수 있도록 한다.

신세계면세점 관계자는 “명동점은 외국인 관광객들의 필수 방문지로 자리잡은 만큼 쇼핑을 여행과 축제 차원으로 확장하는 콘텐츠를 지속적으로 선보일 것”이라며 “이번 프로젝트를 계기로 명동 상권의 대표적인 체험형 랜드마크로 자리매김할 것”이라고 말했다.",신세계
"이번 영상은 신세계면세점 자체 캐릭터 ‘폴앤바니’가 선물상자 속 세계를 여행하며 패션과 뷰티, K스타일 등 신세계면세점 공간을 탐험하는 내용이 담겼다. 영상 후반부에는 실제 명동점 매장 공간과 연결된다. 아나몰픽(Anamorphic) 3D 기법을 적용해 캐릭터가 화면 밖으로 튀어나오는 듯한 입체감을 구현했으며, 남산과 명동 거리 등을 반영한 실사풍 배경 등을 통해 몰입감과 생동감을 더하고자 했다.

신세계면세점은 이달 말 96층 스카이파크에 ‘폴앤바니’ 연출존을 설치해 방문객이 직접 사진 촬영과 체험을 즐길 수 있도록 한다.

신세계면세점 관계자는 “명동점은 외국인 관광객들의 필수 방문지로 자리잡은 만큼 쇼핑을 여행과 축제 차원으로 확장하는 콘텐츠를 지속적으로 선보일 것”이라며 “이번 프로젝트를 계기로 명동 상권의 대표적인 체험형 랜드마크로 자리매김할 것”이라고 말했다.",신세계
"이번 영상은 신세계면세점 자체 캐릭터 ‘폴앤바니’가 선물상자 속 세계를 여행하며 패션과 뷰티, K스타일 등 신세계면세점 공간을 탐험하는 내용이 담겼다. 영상 후반부에는 실제 명동점 매장 공간과 연결된다. 아나몰픽(Anamorphic) 3D 기법을 적용해 캐릭터가 화면 밖으로 튀어나오는 듯한 입체감을 구현했으며, 남산과 명동 거리 등을 반영한 실사풍 배경 등을 통해 몰입감과 생동감을 더하고자 했다.

신세계면세점은 이달 말 97층 스카이파크에 ‘폴앤바니’ 연출존을 설치해 방문객이 직접 사진 촬영과 체험을 즐길 수 있도록 한다.

신세계면세점 관계자는 “명동점은 외국인 관광객들의 필수 방문지로 자리잡은 만큼 쇼핑을 여행과 축제 차원으로 확장하는 콘텐츠를 지속적으로 선보일 것”이라며 “이번 프로젝트를 계기로 명동 상권의 대표적인 체험형 랜드마크로 자리매김할 것”이라고 말했다.",신세계
"이번 영상은 신세계면세점 자체 캐릭터 ‘폴앤바니’가 선물상자 속 세계를 여행하며 패션과 뷰티, K스타일 등 신세계면세점 공간을 탐험하는 내용이 담겼다. 영상 후반부에는 실제 명동점 매장 공간과 연결된다. 아나몰픽(Anamorphic) 3D 기법을 적용해 캐릭터가 화면 밖으로 튀어나오는 듯한 입체감을 구현했으며, 남산과 명동 거리 등을 반영한 실사풍 배경 등을 통해 몰입감과 생동감을 더하고자 했다.

신세계면세점은 이달 말 98층 스카이파크에 ‘폴앤바니’ 연출존을 설치해 방문객이 직접 사진 촬영과 체험을 즐길 수 있도록 한다.

신세계면세점 관계자는 “명동점은 외국인 관광객들의 필수 방문지로 자리잡은 만큼 쇼핑을 여행과 축제 차원으로 확장하는 콘텐츠를 지속적으로 선보일 것”이라며 “이번 프로젝트를 계기로 명동 상권의 대표적인 체험형 랜드마크로 자리매김할 것”이라고 말했다.",신세계
"이번 영상은 신세계면세점 자체 캐릭터 ‘폴앤바니’가 선물상자 속 세계를 여행하며 패션과 뷰티, K스타일 등 신세계면세점 공간을 탐험하는 내용이 담겼다. 영상 후반부에는 실제 명동점 매장 공간과 연결된다. 아나몰픽(Anamorphic) 3D 기법을 적용해 캐릭터가 화면 밖으로 튀어나오는 듯한 입체감을 구현했으며, 남산과 명동 거리 등을 반영한 실사풍 배경 등을 통해 몰입감과 생동감을 더하고자 했다.

신세계면세점은 이달 말 99층 스카이파크에 ‘폴앤바니’ 연출존을 설치해 방문객이 직접 사진 촬영과 체험을 즐길 수 있도록 한다.

신세계면세점 관계자는 “명동점은 외국인 관광객들의 필수 방문지로 자리잡은 만큼 쇼핑을 여행과 축제 차원으로 확장하는 콘텐츠를 지속적으로 선보일 것”이라며 “이번 프로젝트를 계기로 명동 상권의 대표적인 체험형 랜드마크로 자리매김할 것”이라고 말했다.",신세계
"이번 영상은 신세계면세점 자체 캐릭터 ‘폴앤바니’가 선물상자 속 세계를 여행하며 패션과 뷰티, K스타일 등 신세계면세점 공간을 탐험하는 내용이 담겼다. 영상 후반부에는 실제 명동점 매장 공간과 연결된다. 아나몰픽(Anamorphic) 3D 기법을 적용해 캐릭터가 화면 밖으로 튀어나오는 듯한 입체감을 구현했으며, 남산과 명동 거리 등을 반영한 실사풍 배경 등을 통해 몰입감과 생동감을 더하고자 했다.

신세계면세점은 이달 말 100층 스카이파크에 ‘폴앤바니’ 연출존을 설치해 방문객이 직접 사진 촬영과 체험을 즐길 수 있도록 한다.

신세계면세점 관계자는 “명동점은 외국인 관광객들의 필수 방문지로 자리잡은 만큼 쇼핑을 여행과 축제 차원으로 확장하는 콘텐츠를 지속적으로 선보일 것”이라며 “이번 프로젝트를 계기로 명동 상권의 대표적인 체험형 랜드마크로 자리매김할 것”이라고 말했다.",신세계
"이번 영상은 신세계면세점 자체 캐릭터 ‘폴앤바니’가 선물상자 속 세계를 여행하며 패션과 뷰티, K스타일 등 신세계면세점 공간을 탐험하는 내용이 담겼다. 영상 후반부에는 실제 명동점 매장 공간과 연결된다. 아나몰픽(Anamorphic) 3D 기법을 적용해 캐릭터가 화면 밖으로 튀어나오는 듯한 입체감을 구현했으며, 남산과 명동 거리 등을 반영한 실사풍 배경 등을 통해 몰입감과 생동감을 더하고자 했다.

신세계면세점은 이달 말 101층 스카이파크에 ‘폴앤바니’ 연출존을 설치해 방문객이 직접 사진 촬영과 체험을 즐길 수 있도록 한다.

신세계면세점 관계자는 “명동점은 외국인 관광객들의 필수 방문지로 자리잡은 만큼 쇼핑을 여행과 축제 차원으로 확장하는 콘텐츠를 지속적으로 선보일 것”이라며 “이번 프로젝트를 계기로 명동 상권의 대표적인 체험형 랜드마크로 자리매김할 것”이라고 말했다.",신세계
"이번 영상은 신세계면세점 자체 캐릭터 ‘폴앤바니’가 선물상자 속 세계를 여행하며 패션과 뷰티, K스타일 등 신세계면세점 공간을 탐험하는 내용이 담겼다. 영상 후반부에는 실제 명동점 매장 공간과 연결된다. 아나몰픽(Anamorphic) 3D 기법을 적용해 캐릭터가 화면 밖으로 튀어나오는 듯한 입체감을 구현했으며, 남산과 명동 거리 등을 반영한 실사풍 배경 등을 통해 몰입감과 생동감을 더하고자 했다.

신세계면세점은 이달 말 102층 스카이파크에 ‘폴앤바니’ 연출존을 설치해 방문객이 직접 사진 촬영과 체험을 즐길 수 있도록 한다.

신세계면세점 관계자는 “명동점은 외국인 관광객들의 필수 방문지로 자리잡은 만큼 쇼핑을 여행과 축제 차원으로 확장하는 콘텐츠를 지속적으로 선보일 것”이라며 “이번 프로젝트를 계기로 명동 상권의 대표적인 체험형 랜드마크로 자리매김할 것”이라고 말했다.",신세계
"이번 영상은 신세계면세점 자체 캐릭터 ‘폴앤바니’가 선물상자 속 세계를 여행하며 패션과 뷰티, K스타일 등 신세계면세점 공간을 탐험하는 내용이 담겼다. 영상 후반부에는 실제 명동점 매장 공간과 연결된다. 아나몰픽(Anamorphic) 3D 기법을 적용해 캐릭터가 화면 밖으로 튀어나오는 듯한 입체감을 구현했으며, 남산과 명동 거리 등을 반영한 실사풍 배경 등을 통해 몰입감과 생동감을 더하고자 했다.

신세계면세점은 이달 말 103층 스카이파크에 ‘폴앤바니’ 연출존을 설치해 방문객이 직접 사진 촬영과 체험을 즐길 수 있도록 한다.

신세계면세점 관계자는 “명동점은 외국인 관광객들의 필수 방문지로 자리잡은 만큼 쇼핑을 여행과 축제 차원으로 확장하는 콘텐츠를 지속적으로 선보일 것”이라며 “이번 프로젝트를 계기로 명동 상권의 대표적인 체험형 랜드마크로 자리매김할 것”이라고 말했다.",신세계
"이번 영상은 신세계면세점 자체 캐릭터 ‘폴앤바니’가 선물상자 속 세계를 여행하며 패션과 뷰티, K스타일 등 신세계면세점 공간을 탐험하는 내용이 담겼다. 영상 후반부에는 실제 명동점 매장 공간과 연결된다. 아나몰픽(Anamorphic) 3D 기법을 적용해 캐릭터가 화면 밖으로 튀어나오는 듯한 입체감을 구현했으며, 남산과 명동 거리 등을 반영한 실사풍 배경 등을 통해 몰입감과 생동감을 더하고자 했다.

신세계면세점은 이달 말 104층 스카이파크에 ‘폴앤바니’ 연출존을 설치해 방문객이 직접 사진 촬영과 체험을 즐길 수 있도록 한다.

신세계면세점 관계자는 “명동점은 외국인 관광객들의 필수 방문지로 자리잡은 만큼 쇼핑을 여행과 축제 차원으로 확장하는 콘텐츠를 지속적으로 선보일 것”이라며 “이번 프로젝트를 계기로 명동 상권의 대표적인 체험형 랜드마크로 자리매김할 것”이라고 말했다.",신세계
"이번 영상은 신세계면세점 자체 캐릭터 ‘폴앤바니’가 선물상자 속 세계를 여행하며 패션과 뷰티, K스타일 등 신세계면세점 공간을 탐험하는 내용이 담겼다. 영상 후반부에는 실제 명동점 매장 공간과 연결된다. 아나몰픽(Anamorphic) 3D 기법을 적용해 캐릭터가 화면 밖으로 튀어나오는 듯한 입체감을 구현했으며, 남산과 명동 거리 등을 반영한 실사풍 배경 등을 통해 몰입감과 생동감을 더하고자 했다.

신세계면세점은 이달 말 105층 스카이파크에 ‘폴앤바니’ 연출존을 설치해 방문객이 직접 사진 촬영과 체험을 즐길 수 있도록 한다.

신세계면세점 관계자는 “명동점은 외국인 관광객들의 필수 방문지로 자리잡은 만큼 쇼핑을 여행과 축제 차원으로 확장하는 콘텐츠를 지속적으로 선보일 것”이라며 “이번 프로젝트를 계기로 명동 상권의 대표적인 체험형 랜드마크로 자리매김할 것”이라고 말했다.",신세계
"이번 영상은 신세계면세점 자체 캐릭터 ‘폴앤바니’가 선물상자 속 세계를 여행하며 패션과 뷰티, K스타일 등 신세계면세점 공간을 탐험하는 내용이 담겼다. 영상 후반부에는 실제 명동점 매장 공간과 연결된다. 아나몰픽(Anamorphic) 3D 기법을 적용해 캐릭터가 화면 밖으로 튀어나오는 듯한 입체감을 구현했으며, 남산과 명동 거리 등을 반영한 실사풍 배경 등을 통해 몰입감과 생동감을 더하고자 했다.

신세계면세점은 이달 말 106층 스카이파크에 ‘폴앤바니’ 연출존을 설치해 방문객이 직접 사진 촬영과 체험을 즐길 수 있도록 한다.

신세계면세점 관계자는 “명동점은 외국인 관광객들의 필수 방문지로 자리잡은 만큼 쇼핑을 여행과 축제 차원으로 확장하는 콘텐츠를 지속적으로 선보일 것”이라며 “이번 프로젝트를 계기로 명동 상권의 대표적인 체험형 랜드마크로 자리매김할 것”이라고 말했다.",신세계
"이번 영상은 신세계면세점 자체 캐릭터 ‘폴앤바니’가 선물상자 속 세계를 여행하며 패션과 뷰티, K스타일 등 신세계면세점 공간을 탐험하는 내용이 담겼다. 영상 후반부에는 실제 명동점 매장 공간과 연결된다. 아나몰픽(Anamorphic) 3D 기법을 적용해 캐릭터가 화면 밖으로 튀어나오는 듯한 입체감을 구현했으며, 남산과 명동 거리 등을 반영한 실사풍 배경 등을 통해 몰입감과 생동감을 더하고자 했다.

신세계면세점은 이달 말 107층 스카이파크에 ‘폴앤바니’ 연출존을 설치해 방문객이 직접 사진 촬영과 체험을 즐길 수 있도록 한다.

신세계면세점 관계자는 “명동점은 외국인 관광객들의 필수 방문지로 자리잡은 만큼 쇼핑을 여행과 축제 차원으로 확장하는 콘텐츠를 지속적으로 선보일 것”이라며 “이번 프로젝트를 계기로 명동 상권의 대표적인 체험형 랜드마크로 자리매김할 것”이라고 말했다.",신세계
"이번 영상은 신세계면세점 자체 캐릭터 ‘폴앤바니’가 선물상자 속 세계를 여행하며 패션과 뷰티, K스타일 등 신세계면세점 공간을 탐험하는 내용이 담겼다. 영상 후반부에는 실제 명동점 매장 공간과 연결된다. 아나몰픽(Anamorphic) 3D 기법을 적용해 캐릭터가 화면 밖으로 튀어나오는 듯한 입체감을 구현했으며, 남산과 명동 거리 등을 반영한 실사풍 배경 등을 통해 몰입감과 생동감을 더하고자 했다.

신세계면세점은 이달 말 108층 스카이파크에 ‘폴앤바니’ 연출존을 설치해 방문객이 직접 사진 촬영과 체험을 즐길 수 있도록 한다.

신세계면세점 관계자는 “명동점은 외국인 관광객들의 필수 방문지로 자리잡은 만큼 쇼핑을 여행과 축제 차원으로 확장하는 콘텐츠를 지속적으로 선보일 것”이라며 “이번 프로젝트를 계기로 명동 상권의 대표적인 체험형 랜드마크로 자리매김할 것”이라고 말했다.",신세계
"이번 영상은 신세계면세점 자체 캐릭터 ‘폴앤바니’가 선물상자 속 세계를 여행하며 패션과 뷰티, K스타일 등 신세계면세점 공간을 탐험하는 내용이 담겼다. 영상 후반부에는 실제 명동점 매장 공간과 연결된다. 아나몰픽(Anamorphic) 3D 기법을 적용해 캐릭터가 화면 밖으로 튀어나오는 듯한 입체감을 구현했으며, 남산과 명동 거리 등을 반영한 실사풍 배경 등을 통해 몰입감과 생동감을 더하고자 했다.

신세계면세점은 이달 말 109층 스카이파크에 ‘폴앤바니’ 연출존을 설치해 방문객이 직접 사진 촬영과 체험을 즐길 수 있도록 한다.

신세계면세점 관계자는 “명동점은 외국인 관광객들의 필수 방문지로 자리잡은 만큼 쇼핑을 여행과 축제 차원으로 확장하는 콘텐츠를 지속적으로 선보일 것”이라며 “이번 프로젝트를 계기로 명동 상권의 대표적인 체험형 랜드마크로 자리매김할 것”이라고 말했다.",신세계